agent,x,y,status,visited,last_seen_step,floor_factor,victim_present,victim_id,vitals_read,read_step,g_cost,parent_x,parent_y
explorer_3,46,46,clear,1,60,,0,,0,,,,
explorer_3,46,45,clear,0,60,,0,,0,,,,
explorer_3,47,45,clear,1,61,,0,,0,,,,
explorer_3,47,46,clear,1,61,,0,,0,,,,
explorer_3,47,47,clear,1,59,,0,,0,,,,
explorer_3,46,47,clear,0,59,,0,,0,,,,
explorer_3,45,47,clear,0,50,,0,,0,,,,
explorer_3,45,46,clear,1,10,,0,,0,,,,
explorer_3,45,45,clear,1,41,,0,,0,,,,
explorer_3,44,47,clear,1,47,,0,,0,,,,
explorer_3,44,46,clear,0,46,,0,,0,,,,
explorer_3,44,45,clear,1,43,,0,,0,,,,
explorer_3,45,48,clear,0,50,,0,,0,,,,
explorer_3,44,48,clear,1,49,,0,,0,,,,
explorer_3,43,48,clear,1,48,,0,,0,,,,
explorer_3,43,47,clear,1,47,,0,,0,,,,
explorer_3,43,46,clear,1,46,,0,,0,,,,
explorer_3,44,49,clear,1,49,,0,,0,,,,
explorer_3,43,49,clear,0,48,,0,,0,,,,
explorer_3,42,49,clear,0,4,,0,,0,,,,
explorer_3,42,48,clear,1,46,,0,,0,,,,
explorer_3,42,47,clear,1,46,,0,,0,,,,
explorer_3,41,49,clear,0,4,,0,,0,,,,
explorer_3,41,48,clear,0,45,,0,,0,,,,
explorer_3,41,47,clear,1,45,,0,,0,,,,
explorer_3,41,46,clear,1,45,,0,,0,,,,
explorer_3,42,46,clear,1,46,,0,,0,,,,
explorer_3,40,48,clear,0,5,,0,,0,,,,
explorer_3,40,47,clear,0,6,,0,,0,,,,
explorer_3,40,46,clear,0,6,,0,,0,,,,
explorer_3,41,45,clear,0,44,,0,,0,,,,
explorer_3,42,45,clear,1,44,,0,,0,,,,
explorer_3,40,45,clear,0,6,,0,,0,,,,
explorer_3,42,44,clear,0,43,,0,,0,,,,
explorer_3,43,44,clear,1,43,,0,,0,,,,
explorer_3,43,45,clear,1,44,,0,,0,,,,
explorer_3,41,44,clear,0,33,,0,,0,,,,
explorer_3,44,44,clear,1,43,,0,,0,,,,
explorer_3,45,44,clear,1,41,,0,,0,,,,
explorer_3,46,44,clear,0,60,,0,,0,,,,
explorer_3,45,43,clear,1,41,,0,,0,,,,
explorer_3,46,43,clear,1,15,,0,,0,,,,
explorer_3,44,43,clear,1,42,,0,,0,,,,
explorer_3,46,42,clear,1,16,,0,,0,,,,
explorer_3,47,42,clear,0,13,,0,,0,,,,
explorer_3,47,43,clear,0,13,,0,,0,,,,
explorer_3,47,44,clear,0,61,,0,,0,,,,
explorer_3,45,42,clear,1,40,,0,,0,,,,
explorer_3,46,41,clear,0,17,,0,,0,,,,
explorer_3,47,41,clear,0,17,,0,,0,,,,
explorer_3,45,41,clear,1,39,,1,93,1,16,,,
explorer_3,44,42,clear,1,40,,0,,0,,,,
explorer_3,44,41,clear,0,39,,0,,0,,,,
explorer_3,45,40,clear,0,21,,0,,0,,,,
explorer_3,46,40,clear,1,18,,0,,0,,,,
explorer_3,44,40,clear,1,38,,0,,0,,,,
explorer_3,46,39,clear,0,18,,0,,0,,,,
explorer_3,47,39,clear,0,17,,0,,0,,,,
explorer_3,47,40,clear,0,17,,0,,0,,,,
explorer_3,45,39,clear,1,21,,0,,0,,,,
explorer_3,45,38,clear,0,21,,0,,0,,,,
explorer_3,46,38,clear,0,18,,0,,0,,,,
explorer_3,44,39,clear,1,22,,0,,0,,,,
explorer_3,44,38,clear,0,21,,0,,0,,,,
explorer_3,43,41,clear,1,39,,0,,0,,,,
explorer_3,43,40,clear,1,38,,0,,0,,,,
explorer_3,43,39,clear,1,37,,0,,0,,,,
explorer_3,43,38,clear,0,23,,0,,0,,,,
explorer_3,42,40,clear,1,38,,0,,0,,,,
explorer_3,42,39,clear,1,37,,0,,0,,,,
explorer_3,42,38,clear,0,23,,0,,0,,,,
explorer_3,42,41,clear,1,38,,0,,0,,,,
explorer_3,41,40,clear,1,37,,0,,0,,,,
explorer_3,41,39,clear,0,37,,0,,0,,,,
explorer_3,41,38,clear,0,25,,0,,0,,,,
explorer_3,41,41,clear,1,37,,0,,0,,,,
explorer_3,40,41,clear,0,31,,0,,0,,,,
explorer_3,40,40,clear,1,31,,0,,0,,,,
explorer_3,40,39,clear,1,30,,0,,0,,,,
explorer_3,40,38,clear,0,26,,0,,0,,,,
explorer_3,39,40,clear,1,30,,0,,0,,,,
explorer_3,39,39,clear,1,30,,0,,0,,,,
explorer_3,39,38,clear,0,27,,0,,0,,,,
explorer_3,38,40,clear,0,29,,0,,0,,,,
explorer_3,38,39,clear,1,28,,0,,0,,,,
explorer_3,38,38,clear,0,27,,0,,0,,,,
explorer_3,37,40,clear,0,27,,0,,0,,,,
explorer_3,37,39,clear,0,27,,0,,0,,,,
explorer_3,37,38,clear,0,27,,0,,0,,,,
explorer_3,39,41,clear,1,30,,0,,0,,,,
explorer_3,38,41,clear,0,29,,0,,0,,,,
explorer_3,40,42,clear,0,31,,0,,0,,,,
explorer_3,39,42,clear,0,29,,0,,0,,,,
explorer_3,38,42,clear,0,29,,0,,0,,,,
explorer_3,42,42,clear,1,38,,0,,0,,,,
explorer_3,41,42,clear,0,36,,0,,0,,,,
explorer_3,43,42,clear,1,40,,0,,0,,,,
explorer_3,43,43,clear,1,42,,0,,0,,,,
explorer_3,42,43,clear,1,42,,0,,0,,,,
explorer_3,41,43,clear,0,33,,0,,0,,,,
explorer_3,45,49,clear,1,50,,0,,0,,,,
explorer_3,45,50,clear,0,49,,0,,0,,,,
explorer_3,44,50,clear,0,49,,0,,0,,,,
explorer_3,43,50,clear,0,48,,0,,0,,,,
explorer_3,46,48,clear,1,55,,0,,0,,,,
explorer_3,46,49,clear,0,55,,0,,0,,,,
explorer_3,46,50,clear,0,55,,0,,0,,,,
explorer_3,47,48,clear,1,56,,0,,0,,,,
explorer_3,47,49,clear,1,56,,0,,0,,,,
explorer_3,48,46,clear,1,64,,0,,0,,,,
explorer_3,48,47,clear,1,66,,0,,0,,,,
explorer_3,48,48,clear,1,67,,0,,0,,,,
explorer_3,49,46,clear,1,65,,0,,0,,,,
explorer_3,49,47,clear,1,66,,0,,0,,,,
explorer_3,49,48,clear,1,68,,0,,0,,,,
explorer_3,48,49,clear,1,75,,0,,0,,,,
explorer_3,49,49,clear,1,75,,0,,0,,,,
explorer_3,49,50,clear,1,76,,0,,0,,,,
explorer_3,48,50,clear,0,75,,0,,0,,,,
explorer_3,47,50,clear,0,55,,0,,0,,,,
explorer_3,50,46,clear,1,65,,0,,0,,,,
explorer_3,50,47,clear,1,69,,0,,0,,,,
explorer_3,50,48,clear,0,73,,0,,0,,,,
explorer_3,48,45,clear,1,64,,0,,0,,,,
explorer_3,49,45,clear,1,64,,0,,0,,,,
explorer_3,48,44,clear,0,62,,0,,0,,,,
explorer_3,49,44,clear,0,62,,0,,0,,,,
explorer_3,50,44,clear,0,62,,0,,0,,,,
explorer_3,50,45,clear,0,64,,0,,0,,,,
explorer_3,51,45,clear,0,63,,0,,0,,,,
explorer_3,51,46,clear,0,65,,0,,0,,,,
explorer_3,51,47,clear,0,69,,0,,0,,,,
explorer_3,51,48,clear,1,73,,0,,0,,,,
explorer_3,50,49,clear,1,75,,0,,0,,,,
explorer_3,50,50,clear,1,76,,0,,0,,,,
explorer_3,51,49,clear,1,74,,0,,0,,,,
explorer_3,51,50,clear,0,78,,0,,0,,,,
explorer_3,52,47,clear,0,69,,0,,0,,,,
explorer_3,52,48,clear,0,82,,0,,0,,,,
explorer_3,52,49,clear,1,82,,0,,0,,,,
explorer_3,53,48,clear,0,83,,0,,0,,,,
explorer_3,53,49,clear,1,83,,0,,0,,,,
explorer_3,53,50,clear,1,83,,0,,0,,,,
explorer_3,52,50,clear,1,82,,0,,0,,,,
explorer_3,54,49,clear,1,85,,0,,0,,,,
explorer_3,54,50,clear,1,85,,0,,0,,,,
explorer_3,54,51,clear,1,85,,0,,0,,,,
explorer_3,53,51,clear,1,81,,0,,0,,,,
explorer_3,52,51,clear,1,79,,0,,0,,,,
explorer_3,51,51,clear,0,78,,0,,0,,,,
explorer_3,50,51,clear,1,77,,0,,0,,,,
explorer_3,49,51,clear,0,76,,0,,0,,,,
explorer_3,48,51,clear,0,75,,0,,0,,,,
explorer_3,51,52,clear,1,78,,0,,0,,,,
explorer_3,50,52,clear,0,77,,0,,0,,,,
explorer_3,49,52,clear,0,76,,0,,0,,,,
explorer_3,52,52,clear,0,79,,0,,0,,,,
explorer_3,52,53,clear,0,77,,0,,0,,,,
explorer_3,51,53,clear,0,77,,0,,0,,,,
explorer_3,50,53,clear,0,77,,0,,0,,,,
explorer_3,53,52,clear,0,80,,0,,0,,,,
explorer_3,54,52,clear,0,80,,0,,0,,,,
explorer_3,55,50,clear,1,86,,0,,0,,,,
explorer_3,55,51,clear,0,86,,0,,0,,,,
explorer_3,55,52,clear,0,80,,0,,0,,,,
explorer_3,55,49,clear,1,86,,0,,0,,,,
explorer_3,54,48,clear,0,84,,0,,0,,,,
explorer_3,55,48,clear,0,84,,0,,0,,,,
explorer_3,56,48,clear,0,84,,0,,0,,,,
explorer_3,56,49,clear,0,88,,0,,0,,,,
explorer_3,56,50,clear,1,88,,0,,0,,,,
explorer_3,56,51,clear,0,88,,0,,0,,,,
explorer_3,57,49,clear,0,89,,0,,0,,,,
explorer_3,57,50,clear,1,89,,0,,0,,,,
explorer_3,57,51,clear,1,89,,0,,0,,,,
explorer_3,58,50,clear,1,91,,0,,0,,,,
explorer_3,58,51,clear,0,90,,0,,0,,,,
explorer_3,58,52,clear,0,87,,0,,0,,,,
explorer_3,57,52,clear,0,87,,0,,0,,,,
explorer_3,56,52,clear,0,87,,0,,0,,,,
explorer_3,58,49,clear,0,91,,0,,0,,,,
explorer_3,59,49,clear,1,93,,0,,0,,,,
explorer_3,59,50,clear,1,306,,0,,0,,,,
explorer_3,59,51,clear,0,307,,0,,0,,,,
explorer_3,60,49,clear,1,305,,0,,0,,,,
explorer_3,60,50,clear,0,306,,0,,0,,,,
explorer_3,60,51,clear,1,309,,0,,0,,,,
explorer_3,59,48,clear,0,99,,0,,0,,,,
explorer_3,60,48,clear,1,99,,0,,0,,,,
explorer_3,58,48,clear,0,91,,0,,0,,,,
explorer_3,60,47,clear,1,100,,0,,0,,,,
explorer_3,61,47,clear,1,100,,0,,0,,,,
explorer_3,61,48,clear,1,99,,0,,0,,,,
explorer_3,61,49,clear,1,305,,0,,0,,,,
explorer_3,59,47,clear,0,100,,0,,0,,,,
explorer_3,61,50,clear,1,306,,0,,0,,,,
explorer_3,62,47,clear,0,98,,0,,0,,,,
explorer_3,62,48,clear,1,98,,0,,0,,,,
explorer_3,62,49,clear,1,305,,1,390,1,95,,,
explorer_3,63,48,clear,0,97,,0,,0,,,,
explorer_3,63,49,clear,0,292,,0,,0,,,,
explorer_3,63,50,clear,0,304,,0,,0,,,,
explorer_3,62,50,clear,0,305,,0,,0,,,,
explorer_3,63,47,clear,0,97,,0,,0,,,,
explorer_3,61,46,clear,0,101,,0,,0,,,,
explorer_3,62,46,clear,0,101,,0,,0,,,,
explorer_3,60,46,clear,1,101,,0,,0,,,,
explorer_3,59,46,clear,0,100,,0,,0,,,,
explorer_3,60,45,clear,0,103,,0,,0,,,,
explorer_3,61,45,clear,1,103,,0,,0,,,,
explorer_3,59,45,clear,0,100,,0,,0,,,,
explorer_3,61,44,clear,1,104,,0,,0,,,,
explorer_3,62,44,clear,1,275,,0,,0,,,,
explorer_3,62,45,clear,0,274,,0,,0,,,,
explorer_3,60,44,clear,0,104,,0,,0,,,,
explorer_3,62,43,clear,0,275,,0,,0,,,,
explorer_3,63,43,clear,1,276,,0,,0,,,,
explorer_3,63,44,clear,1,276,,0,,0,,,,
explorer_3,63,45,clear,0,276,,0,,0,,,,
explorer_3,61,43,clear,0,104,,0,,0,,,,
explorer_3,60,43,clear,1,105,,0,,0,,,,
explorer_3,60,42,clear,0,106,,0,,0,,,,
explorer_3,61,42,clear,0,104,,0,,0,,,,
explorer_3,59,44,clear,0,104,,0,,0,,,,
explorer_3,59,43,clear,0,107,,0,,0,,,,
explorer_3,59,42,clear,1,109,,0,,0,,,,
explorer_3,59,41,clear,1,111,,0,,0,,,,
explorer_3,60,41,clear,0,111,,0,,0,,,,
explorer_3,58,43,clear,0,107,,0,,0,,,,
explorer_3,58,42,clear,1,109,,0,,0,,,,
explorer_3,58,41,clear,1,111,,1,228,1,109,,,
explorer_3,59,40,clear,1,114,,0,,0,,,,
explorer_3,60,40,clear,0,115,,0,,0,,,,
explorer_3,58,40,clear,1,112,,0,,0,,,,
explorer_3,57,43,clear,0,107,,0,,0,,,,
explorer_3,57,42,clear,0,109,,0,,0,,,,
explorer_3,57,41,clear,1,110,,0,,0,,,,
explorer_3,57,40,clear,0,110,,0,,0,,,,
explorer_3,56,42,clear,0,108,,0,,0,,,,
explorer_3,56,41,clear,0,108,,0,,0,,,,
explorer_3,56,40,clear,0,108,,0,,0,,,,
explorer_3,58,39,clear,0,113,,0,,0,,,,
explorer_3,59,39,clear,1,114,,1,230,1,112,,,
explorer_3,57,39,clear,0,110,,0,,0,,,,
explorer_3,60,39,clear,1,117,,0,,0,,,,
explorer_3,59,38,clear,1,118,,0,,0,,,,
explorer_3,60,38,clear,0,125,,0,,0,,,,
explorer_3,58,38,clear,0,113,,0,,0,,,,
explorer_3,59,37,clear,0,124,,0,,0,,,,
explorer_3,60,37,clear,1,126,,0,,0,,,,
explorer_3,58,37,clear,0,120,,0,,0,,,,
explorer_3,61,38,clear,1,131,,0,,0,,,,
explorer_3,61,39,clear,1,132,,0,,0,,,,
explorer_3,61,40,clear,0,132,,0,,0,,,,
explorer_3,62,38,clear,1,133,,0,,0,,,,
explorer_3,62,39,clear,1,133,,0,,0,,,,
explorer_3,62,40,clear,1,133,,0,,0,,,,
explorer_3,62,37,clear,1,128,,0,,0,,,,
explorer_3,63,37,clear,0,128,,0,,0,,,,
explorer_3,63,38,clear,1,133,,0,,0,,,,
explorer_3,63,39,clear,1,134,,0,,0,,,,
explorer_3,61,37,clear,1,127,,0,,0,,,,
explorer_3,60,36,clear,1,126,,0,,0,,,,
explorer_3,61,36,clear,1,127,,0,,0,,,,
explorer_3,59,36,clear,1,124,,0,,0,,,,
explorer_3,59,35,clear,1,124,,0,,0,,,,
explorer_3,60,35,clear,1,126,,0,,0,,,,
explorer_3,58,36,clear,1,121,,0,,0,,,,
explorer_3,58,35,clear,0,122,,0,,0,,,,
explorer_3,57,37,clear,0,120,,0,,0,,,,
explorer_3,57,36,clear,0,120,,0,,0,,,,
explorer_3,57,35,clear,0,120,,0,,0,,,,
explorer_3,59,34,clear,1,123,,0,,0,,,,
explorer_3,60,34,clear,0,123,,0,,0,,,,
explorer_3,58,34,clear,0,122,,0,,0,,,,
explorer_3,59,33,clear,0,122,,0,,0,,,,
explorer_3,58,33,clear,0,122,,0,,0,,,,
explorer_3,60,33,wall,0,1499,,0,,0,,,,
explorer_3,61,35,clear,0,126,,0,,0,,,,
explorer_3,61,34,wall,0,1499,,0,,0,,,,
explorer_3,62,36,clear,0,127,,0,,0,,,,
explorer_3,62,35,wall,0,1499,,0,,0,,,,
explorer_3,63,36,wall,0,1499,,0,,0,,,,
explorer_3,64,38,clear,0,133,,0,,0,,,,
explorer_3,64,39,clear,1,134,,0,,0,,,,
explorer_3,64,37,wall,0,1499,,0,,0,,,,
explorer_3,65,39,clear,0,134,,0,,0,,,,
explorer_3,65,40,clear,0,135,,0,,0,,,,
explorer_3,64,40,clear,1,135,,0,,0,,,,
explorer_3,63,40,clear,1,135,,0,,0,,,,
explorer_3,65,38,wall,0,1499,,0,,0,,,,
explorer_3,64,41,clear,1,136,,0,,0,,,,
explorer_3,63,41,clear,0,135,,0,,0,,,,
explorer_3,62,41,clear,0,132,,0,,0,,,,
explorer_3,61,41,clear,0,132,,0,,0,,,,
explorer_3,65,41,clear,0,271,,0,,0,,,,
explorer_3,65,42,clear,1,273,,0,,0,,,,
explorer_3,64,42,clear,0,275,,0,,0,,,,
explorer_3,63,42,clear,0,275,,0,,0,,,,
explorer_3,66,41,clear,0,271,,0,,0,,,,
explorer_3,66,42,clear,1,272,,0,,0,,,,
explorer_3,66,43,clear,1,272,,0,,0,,,,
explorer_3,65,43,clear,1,276,,0,,0,,,,
explorer_3,64,43,clear,1,276,,0,,0,,,,
explorer_3,67,42,clear,1,271,,0,,0,,,,
explorer_3,67,43,clear,0,271,,0,,0,,,,
explorer_3,67,44,clear,1,279,,0,,0,,,,
explorer_3,66,44,clear,0,279,,0,,0,,,,
explorer_3,65,44,clear,0,278,,0,,0,,,,
explorer_3,68,43,clear,1,270,,0,,0,,,,
explorer_3,68,44,clear,1,279,,0,,0,,,,
explorer_3,68,45,clear,1,279,,0,,0,,,,
explorer_3,67,45,clear,1,280,,0,,0,,,,
explorer_3,66,45,clear,1,280,,0,,0,,,,
explorer_3,69,43,clear,0,269,,0,,0,,,,
explorer_3,69,44,clear,1,269,,0,,0,,,,
explorer_3,69,45,clear,1,268,,0,,0,,,,
explorer_3,69,46,clear,0,283,,0,,0,,,,
explorer_3,68,46,clear,1,283,,0,,0,,,,
explorer_3,67,46,clear,0,283,,0,,0,,,,
explorer_3,69,47,clear,0,285,,0,,0,,,,
explorer_3,68,47,clear,1,284,,0,,0,,,,
explorer_3,67,47,clear,1,283,,0,,0,,,,
explorer_3,70,44,clear,1,268,,0,,0,,,,
explorer_3,70,45,clear,1,268,,0,,0,,,,
explorer_3,70,46,clear,0,263,,0,,0,,,,
explorer_3,71,44,clear,1,267,,0,,0,,,,
explorer_3,71,45,clear,1,267,,0,,0,,,,
explorer_3,71,46,clear,1,265,,0,,0,,,,
explorer_3,72,44,clear,1,266,,0,,0,,,,
explorer_3,72,45,clear,1,266,,0,,0,,,,
explorer_3,72,46,clear,1,265,,0,,0,,,,
explorer_3,72,43,clear,1,266,,0,,0,,,,
explorer_3,73,43,clear,1,152,,0,,0,,,,
explorer_3,73,44,clear,0,265,,0,,0,,,,
explorer_3,73,45,clear,1,265,,0,,0,,,,
explorer_3,71,43,clear,0,267,,0,,0,,,,
explorer_3,73,42,clear,1,150,,0,,0,,,,
explorer_3,74,42,clear,1,151,,0,,0,,,,
explorer_3,74,43,clear,0,152,,0,,0,,,,
explorer_3,74,44,clear,1,254,,0,,0,,,,
explorer_3,72,42,clear,0,149,,0,,0,,,,
explorer_3,71,42,clear,0,147,,0,,0,,,,
explorer_3,73,41,clear,1,150,,1,266,1,149,,,
explorer_3,74,41,clear,0,150,,0,,0,,,,
explorer_3,72,41,clear,0,149,,0,,0,,,,
explorer_3,73,40,clear,0,149,,0,,0,,,,
explorer_3,74,40,clear,0,149,,0,,0,,,,
explorer_3,72,40,clear,0,149,,0,,0,,,,
explorer_3,75,41,clear,0,150,,0,,0,,,,
explorer_3,75,42,clear,0,151,,0,,0,,,,
explorer_3,75,43,clear,1,152,,0,,0,,,,
explorer_3,76,42,clear,0,151,,0,,0,,,,
explorer_3,76,43,clear,0,151,,0,,0,,,,
explorer_3,76,44,clear,0,156,,0,,0,,,,
explorer_3,75,44,clear,0,155,,0,,0,,,,
explorer_3,75,45,clear,1,253,,0,,0,,,,
explorer_3,74,45,clear,0,255,,0,,0,,,,
explorer_3,76,45,clear,1,157,,0,,0,,,,
explorer_3,76,46,clear,1,161,,0,,0,,,,
explorer_3,75,46,clear,0,253,,0,,0,,,,
explorer_3,74,46,clear,1,255,,0,,0,,,,
explorer_3,77,45,clear,1,158,,0,,0,,,,
explorer_3,77,46,clear,1,161,,0,,0,,,,
explorer_3,77,47,clear,1,164,,0,,0,,,,
explorer_3,76,47,clear,0,249,,0,,0,,,,
explorer_3,75,47,clear,0,253,,0,,0,,,,
explorer_3,77,44,clear,0,156,,0,,0,,,,
explorer_3,78,44,clear,0,156,,0,,0,,,,
explorer_3,78,45,clear,0,159,,0,,0,,,,
explorer_3,78,46,clear,1,161,,0,,0,,,,
explorer_3,78,47,clear,1,165,,0,,0,,,,
explorer_3,79,45,clear,0,159,,0,,0,,,,
explorer_3,79,46,clear,1,160,,1,283,1,159,,,
explorer_3,79,47,clear,0,165,,0,,0,,,,
explorer_3,80,45,clear,0,159,,0,,0,,,,
explorer_3,80,46,clear,0,159,,0,,0,,,,
explorer_3,80,47,clear,0,165,,0,,0,,,,
explorer_3,79,48,clear,1,178,,0,,0,,,,
explorer_3,78,48,clear,1,179,,0,,0,,,,
explorer_3,77,48,clear,1,180,,0,,0,,,,
explorer_3,76,48,clear,1,250,,0,,0,,,,
explorer_3,77,49,clear,1,182,,0,,0,,,,
explorer_3,76,49,clear,1,250,,0,,0,,,,
explorer_3,75,49,clear,1,251,,0,,0,,,,
explorer_3,75,48,clear,1,251,,0,,0,,,,
explorer_3,78,49,clear,1,181,,0,,0,,,,
explorer_3,79,49,clear,1,178,,0,,0,,,,
explorer_3,80,48,clear,0,168,,0,,0,,,,
explorer_3,80,49,clear,1,169,,0,,0,,,,
explorer_3,80,50,clear,1,174,,0,,0,,,,
explorer_3,79,50,clear,1,178,,0,,0,,,,
explorer_3,78,50,clear,1,181,,0,,0,,,,
explorer_3,80,51,clear,1,174,,0,,0,,,,
explorer_3,79,51,clear,1,177,,0,,0,,,,
explorer_3,78,51,clear,1,187,,0,,0,,,,
explorer_3,81,48,clear,0,168,,0,,0,,,,
explorer_3,81,49,clear,0,169,,0,,0,,,,
explorer_3,81,50,clear,0,171,,0,,0,,,,
explorer_3,81,51,clear,1,171,,0,,0,,,,
explorer_3,82,50,clear,0,170,,0,,0,,,,
explorer_3,82,51,clear,0,170,,0,,0,,,,
explorer_3,82,52,clear,0,170,,0,,0,,,,
explorer_3,81,52,clear,0,171,,0,,0,,,,
explorer_3,80,52,clear,0,174,,0,,0,,,,
explorer_3,79,52,clear,1,235,,1,402,1,172,,,
explorer_3,80,53,clear,0,234,,0,,0,,,,
explorer_3,79,53,clear,0,235,,0,,0,,,,
explorer_3,78,53,clear,1,236,,0,,0,,,,
explorer_3,78,52,clear,1,236,,0,,0,,,,
explorer_3,77,53,clear,1,238,,0,,0,,,,
explorer_3,77,52,clear,1,238,,0,,0,,,,
explorer_3,77,51,clear,1,188,,0,,0,,,,
explorer_3,77,50,clear,1,186,,0,,0,,,,
explorer_3,76,52,clear,1,239,,0,,0,,,,
explorer_3,76,51,clear,1,189,,0,,0,,,,
explorer_3,76,50,clear,1,250,,0,,0,,,,
explorer_3,75,50,clear,1,250,,0,,0,,,,
explorer_3,75,51,clear,1,190,,0,,0,,,,
explorer_3,74,51,clear,1,244,,0,,0,,,,
explorer_3,74,50,clear,0,250,,0,,0,,,,
explorer_3,74,49,clear,1,251,,0,,0,,,,
explorer_3,75,52,clear,1,240,,0,,0,,,,
explorer_3,74,52,clear,1,242,,0,,0,,,,
explorer_3,73,52,clear,1,243,,0,,0,,,,
explorer_3,73,51,clear,1,244,,0,,0,,,,
explorer_3,73,50,clear,1,258,,0,,0,,,,
explorer_3,76,53,clear,1,239,,0,,0,,,,
explorer_3,75,53,clear,1,240,,1,400,1,239,,,
explorer_3,74,53,clear,1,242,,0,,0,,,,
explorer_3,73,53,clear,1,242,,0,,0,,,,
explorer_3,72,52,clear,1,243,,0,,0,,,,
explorer_3,72,51,clear,1,244,,0,,0,,,,
explorer_3,72,50,clear,1,259,,0,,0,,,,
explorer_3,72,49,clear,1,260,,0,,0,,,,
explorer_3,73,49,clear,1,260,,0,,0,,,,
explorer_3,71,51,clear,1,346,,0,,0,,,,
explorer_3,71,50,clear,1,346,,0,,0,,,,
explorer_3,71,49,clear,1,345,,0,,0,,,,
explorer_3,70,51,clear,1,346,,0,,0,,,,
explorer_3,70,50,clear,1,346,,0,,0,,,,
explorer_3,70,49,clear,1,346,,0,,0,,,,
explorer_3,69,51,clear,1,346,,0,,0,,,,
explorer_3,69,50,clear,1,346,,0,,0,,,,
explorer_3,69,49,clear,1,346,,0,,0,,,,
explorer_3,70,52,clear,1,351,,0,,0,,,,
explorer_3,69,52,clear,1,351,,0,,0,,,,
explorer_3,68,52,clear,1,348,,0,,0,,,,
explorer_3,68,51,clear,1,346,,0,,0,,,,
explorer_3,68,50,clear,1,346,,0,,0,,,,
explorer_3,70,53,clear,1,354,,0,,0,,,,
explorer_3,69,53,clear,1,354,,0,,0,,,,
explorer_3,68,53,clear,1,350,,0,,0,,,,
explorer_3,71,52,clear,1,351,,0,,0,,,,
explorer_3,71,53,clear,1,354,,0,,0,,,,
explorer_3,72,53,clear,1,352,,0,,0,,,,
explorer_3,73,54,clear,1,241,,0,,0,,,,
explorer_3,72,54,clear,1,355,,0,,0,,,,
explorer_3,71,54,clear,1,355,,0,,0,,,,
explorer_3,70,54,clear,1,357,,0,,0,,,,
explorer_3,73,55,clear,1,214,,0,,0,,,,
explorer_3,72,55,clear,1,355,,0,,0,,,,
explorer_3,71,55,clear,1,356,,0,,0,,,,
explorer_3,74,54,clear,1,241,,0,,0,,,,
explorer_3,74,55,clear,1,218,,0,,0,,,,
explorer_3,74,56,clear,1,221,,0,,0,,,,
explorer_3,73,56,clear,1,215,,0,,0,,,,
explorer_3,72,56,clear,1,381,,0,,0,,,,
explorer_3,75,54,clear,1,240,,0,,0,,,,
explorer_3,75,55,clear,1,237,,0,,0,,,,
explorer_3,75,56,clear,1,222,,0,,0,,,,
explorer_3,71,56,clear,1,383,,0,,0,,,,
explorer_3,73,57,clear,1,391,,0,,0,,,,
explorer_3,72,57,clear,1,391,,0,,0,,,,
explorer_3,71,57,clear,1,384,,0,,0,,,,
explorer_3,70,57,clear,1,384,,0,,0,,,,
explorer_3,70,56,clear,1,383,,0,,0,,,,
explorer_3,70,55,clear,1,358,,0,,0,,,,
explorer_3,73,58,clear,1,392,,0,,0,,,,
explorer_3,72,58,clear,1,392,,0,,0,,,,
explorer_3,71,58,clear,1,385,,0,,0,,,,
explorer_3,74,57,clear,1,391,,0,,0,,,,
explorer_3,74,58,clear,1,392,,0,,0,,,,
explorer_3,75,57,clear,1,390,,0,,0,,,,
explorer_3,75,58,clear,0,677,,0,,0,,,,
explorer_3,76,55,clear,1,237,,0,,0,,,,
explorer_3,76,56,clear,1,231,,0,,0,,,,
explorer_3,76,57,clear,1,223,,0,,0,,,,
explorer_3,76,54,clear,1,239,,0,,0,,,,
explorer_3,77,54,clear,1,238,,0,,0,,,,
explorer_3,77,55,clear,1,237,,0,,0,,,,
explorer_3,77,56,clear,0,681,,0,,0,,,,
explorer_3,77,57,clear,0,681,,0,,0,,,,
explorer_3,76,58,clear,0,679,,0,,0,,,,
explorer_3,77,58,clear,1,681,,0,,0,,,,
explorer_3,78,57,clear,1,682,,0,,0,,,,
explorer_3,78,58,clear,1,681,,0,,0,,,,
explorer_3,78,59,clear,1,680,,0,,0,,,,
explorer_3,77,59,clear,1,680,,0,,0,,,,
explorer_3,76,59,clear,1,679,,0,,0,,,,
explorer_3,79,58,clear,1,685,,0,,0,,,,
explorer_3,79,59,clear,1,680,,0,,0,,,,
explorer_3,79,60,clear,1,672,,0,,0,,,,
explorer_3,78,60,clear,1,679,,0,,0,,,,
explorer_3,77,60,clear,1,679,,0,,0,,,,
explorer_3,79,57,clear,1,685,,0,,0,,,,
explorer_3,80,57,clear,1,686,,0,,0,,,,
explorer_3,80,58,clear,1,686,,0,,0,,,,
explorer_3,80,59,clear,1,686,,0,,0,,,,
explorer_3,81,57,clear,1,689,,0,,0,,,,
explorer_3,81,58,clear,1,687,,0,,0,,,,
explorer_3,81,59,clear,0,687,,0,,0,,,,
explorer_3,79,56,clear,1,685,,0,,0,,,,
explorer_3,80,56,clear,1,685,,0,,0,,,,
explorer_3,78,56,clear,1,682,,0,,0,,,,
explorer_3,78,55,clear,1,682,,0,,0,,,,
explorer_3,79,55,clear,1,683,,0,,0,,,,
explorer_3,79,54,clear,1,235,,0,,0,,,,
explorer_3,80,54,clear,0,234,,0,,0,,,,
explorer_3,80,55,clear,0,683,,0,,0,,,,
explorer_3,78,54,clear,1,236,,0,,0,,,,
explorer_3,74,48,clear,1,252,,0,,0,,,,
explorer_3,73,48,clear,1,260,,0,,0,,,,
explorer_3,72,48,clear,1,261,,0,,0,,,,
explorer_3,73,47,clear,1,264,,0,,0,,,,
explorer_3,74,47,clear,1,255,,0,,0,,,,
explorer_3,72,47,clear,1,264,,0,,0,,,,
explorer_3,73,46,clear,1,265,,0,,0,,,,
explorer_3,71,48,clear,1,345,,0,,0,,,,
explorer_3,71,47,clear,1,285,,0,,0,,,,
explorer_3,70,48,clear,1,345,,0,,0,,,,
explorer_3,70,47,clear,1,285,,0,,0,,,,
explorer_3,69,48,clear,1,345,,0,,0,,,,
explorer_3,70,43,wall,0,1499,,0,,0,,,,
explorer_3,68,42,clear,0,270,,0,,0,,,,
explorer_3,69,42,wall,0,1499,,0,,0,,,,
explorer_3,67,41,clear,0,271,,0,,0,,,,
explorer_3,68,41,wall,0,1499,,0,,0,,,,
explorer_3,64,44,clear,1,277,,0,,0,,,,
explorer_3,64,45,clear,0,277,,0,,0,,,,
explorer_3,62,42,clear,0,275,,0,,0,,,,
explorer_3,65,45,clear,1,280,,0,,0,,,,
explorer_3,66,46,clear,1,281,,0,,0,,,,
explorer_3,65,46,clear,0,280,,0,,0,,,,
explorer_3,64,46,clear,0,277,,0,,0,,,,
explorer_3,66,47,clear,0,281,,0,,0,,,,
explorer_3,65,47,clear,0,280,,0,,0,,,,
explorer_3,68,48,clear,1,289,,1,397,1,282,,,
explorer_3,67,48,clear,0,289,,0,,0,,,,
explorer_3,66,48,clear,0,289,,0,,0,,,,
explorer_3,68,49,clear,1,346,,0,,0,,,,
explorer_3,67,49,clear,1,346,,0,,0,,,,
explorer_3,67,50,clear,1,346,,0,,0,,,,
explorer_3,67,51,clear,1,346,,0,,0,,,,
explorer_3,66,51,clear,1,343,,0,,0,,,,
explorer_3,66,50,clear,1,343,,1,394,1,290,,,
explorer_3,66,49,clear,0,291,,0,,0,,,,
explorer_3,65,51,clear,1,300,,0,,0,,,,
explorer_3,65,50,clear,1,295,,0,,0,,,,
explorer_3,65,49,clear,0,292,,0,,0,,,,
explorer_3,64,51,clear,1,303,,0,,0,,,,
explorer_3,64,50,clear,1,303,,0,,0,,,,
explorer_3,64,49,clear,0,292,,0,,0,,,,
explorer_3,63,51,clear,1,304,,0,,0,,,,
explorer_3,65,52,clear,1,337,,0,,0,,,,
explorer_3,64,52,clear,1,335,,0,,0,,,,
explorer_3,63,52,clear,0,311,,0,,0,,,,
explorer_3,66,52,clear,1,343,,0,,0,,,,
explorer_3,67,52,clear,1,347,,1,395,1,296,,,
explorer_3,67,53,clear,1,361,,0,,0,,,,
explorer_3,66,53,clear,1,361,,0,,0,,,,
explorer_3,65,53,clear,1,361,,0,,0,,,,
explorer_3,64,53,clear,1,336,,0,,0,,,,
explorer_3,65,54,clear,1,363,,0,,0,,,,
explorer_3,64,54,clear,1,362,,0,,0,,,,
explorer_3,63,54,clear,1,334,,0,,0,,,,
explorer_3,63,53,clear,1,334,,0,,0,,,,
explorer_3,62,54,clear,1,332,,0,,0,,,,
explorer_3,62,53,clear,1,332,,0,,0,,,,
explorer_3,62,52,clear,1,311,,0,,0,,,,
explorer_3,62,51,clear,1,309,,0,,0,,,,
explorer_3,61,53,clear,1,330,,0,,0,,,,
explorer_3,61,52,clear,1,311,,0,,0,,,,
explorer_3,61,51,clear,0,309,,0,,0,,,,
explorer_3,60,52,clear,1,310,,0,,0,,,,
explorer_3,59,52,clear,0,308,,0,,0,,,,
explorer_3,60,53,clear,1,330,,0,,0,,,,
explorer_3,59,53,clear,0,308,,0,,0,,,,
explorer_3,61,54,clear,1,331,,0,,0,,,,
explorer_3,60,54,clear,0,330,,0,,0,,,,
explorer_3,59,54,clear,0,308,,0,,0,,,,
explorer_3,63,55,clear,1,366,,0,,0,,,,
explorer_3,62,55,clear,1,332,,0,,0,,,,
explorer_3,61,55,clear,1,331,,0,,0,,,,
explorer_3,64,55,clear,1,373,,0,,0,,,,
explorer_3,64,56,clear,1,373,,0,,0,,,,
explorer_3,63,56,clear,1,370,,1,392,1,315,,,
explorer_3,62,56,clear,1,367,,0,,0,,,,
explorer_3,63,57,clear,1,370,,0,,0,,,,
explorer_3,62,57,clear,1,368,,0,,0,,,,
explorer_3,61,57,clear,1,328,,0,,0,,,,
explorer_3,61,56,clear,1,331,,0,,0,,,,
explorer_3,64,57,clear,1,373,,0,,0,,,,
explorer_3,63,58,clear,1,370,,0,,0,,,,
explorer_3,62,58,clear,1,368,,0,,0,,,,
explorer_3,61,58,clear,1,325,,0,,0,,,,
explorer_3,63,59,clear,0,369,,0,,0,,,,
explorer_3,62,59,clear,1,368,,0,,0,,,,
explorer_3,61,59,clear,1,325,,1,353,1,323,,,
explorer_3,60,58,clear,1,326,,0,,0,,,,
explorer_3,60,57,clear,1,328,,0,,0,,,,
explorer_3,60,56,clear,1,329,,0,,0,,,,
explorer_3,60,55,clear,0,330,,0,,0,,,,
explorer_3,59,58,clear,0,326,,0,,0,,,,
explorer_3,59,57,clear,1,328,,0,,0,,,,
explorer_3,59,56,clear,1,328,,0,,0,,,,
explorer_3,60,59,clear,1,325,,0,,0,,,,
explorer_3,63,60,clear,0,322,,0,,0,,,,
explorer_3,62,60,clear,0,323,,0,,0,,,,
explorer_3,61,60,clear,0,324,,0,,0,,,,
explorer_3,60,60,clear,0,324,,0,,0,,,,
explorer_3,59,60,clear,0,324,,0,,0,,,,
explorer_3,59,59,clear,0,325,,0,,0,,,,
explorer_3,58,58,clear,0,326,,0,,0,,,,
explorer_3,58,57,clear,0,327,,0,,0,,,,
explorer_3,58,56,clear,0,327,,0,,0,,,,
explorer_3,59,55,clear,0,328,,0,,0,,,,
explorer_3,58,55,clear,0,327,,0,,0,,,,
explorer_3,65,55,clear,1,373,,0,,0,,,,
explorer_3,65,56,clear,1,373,,0,,0,,,,
explorer_3,66,54,clear,1,363,,0,,0,,,,
explorer_3,66,55,clear,1,373,,0,,0,,,,
explorer_3,67,54,clear,1,363,,0,,0,,,,
explorer_3,68,54,clear,1,360,,0,,0,,,,
explorer_3,68,55,clear,1,375,,0,,0,,,,
explorer_3,67,55,clear,1,375,,0,,0,,,,
explorer_3,69,54,clear,1,359,,0,,0,,,,
explorer_3,69,55,clear,1,375,,0,,0,,,,
explorer_3,69,56,clear,1,383,,0,,0,,,,
explorer_3,69,57,clear,1,383,,0,,0,,,,
explorer_3,68,56,clear,1,376,,0,,0,,,,
explorer_3,68,57,clear,0,377,,0,,0,,,,
explorer_3,67,56,clear,0,375,,0,,0,,,,
explorer_3,66,56,clear,1,374,,0,,0,,,,
explorer_3,67,57,clear,1,375,,0,,0,,,,
explorer_3,66,57,clear,1,374,,0,,0,,,,
explorer_3,65,57,clear,1,373,,0,,0,,,,
explorer_3,66,58,clear,0,374,,0,,0,,,,
explorer_3,65,58,clear,1,373,,0,,0,,,,
explorer_3,64,58,clear,1,371,,0,,0,,,,
explorer_3,64,59,clear,0,371,,0,,0,,,,
explorer_3,65,59,clear,0,371,,0,,0,,,,
explorer_3,66,59,clear,0,371,,0,,0,,,,
explorer_3,67,58,clear,0,374,,0,,0,,,,
explorer_3,68,58,clear,0,377,,0,,0,,,,
explorer_3,70,58,clear,1,384,,0,,0,,,,
explorer_3,69,58,clear,1,383,,0,,0,,,,
explorer_3,70,59,clear,1,384,,0,,0,,,,
explorer_3,69,59,clear,0,382,,0,,0,,,,
explorer_3,68,59,clear,0,377,,0,,0,,,,
explorer_3,71,59,clear,1,393,,0,,0,,,,
explorer_3,71,60,clear,0,394,,0,,0,,,,
explorer_3,70,60,clear,0,379,,0,,0,,,,
explorer_3,69,60,clear,0,378,,0,,0,,,,
explorer_3,72,59,clear,1,393,,0,,0,,,,
explorer_3,72,60,clear,1,395,,0,,0,,,,
explorer_3,73,59,clear,1,393,,0,,0,,,,
explorer_3,73,60,clear,1,395,,0,,0,,,,
explorer_3,74,59,clear,1,392,,0,,0,,,,
explorer_3,74,60,clear,0,398,,0,,0,,,,
explorer_3,74,61,clear,0,398,,0,,0,,,,
explorer_3,73,61,clear,1,397,,0,,0,,,,
explorer_3,72,61,clear,1,396,,0,,0,,,,
explorer_3,75,59,clear,1,677,,0,,0,,,,
explorer_3,75,60,clear,1,677,,0,,0,,,,
explorer_3,76,60,clear,1,679,,0,,0,,,,
explorer_3,76,61,clear,1,678,,0,,0,,,,
explorer_3,75,61,clear,1,676,,0,,0,,,,
explorer_3,71,61,clear,0,394,,0,,0,,,,
explorer_3,73,62,clear,1,397,,0,,0,,,,
explorer_3,72,62,clear,0,396,,0,,0,,,,
explorer_3,71,62,clear,0,394,,0,,0,,,,
explorer_3,74,62,clear,1,398,,0,,0,,,,
explorer_3,74,63,clear,0,397,,0,,0,,,,
explorer_3,73,63,clear,0,397,,0,,0,,,,
explorer_3,72,63,clear,0,396,,0,,0,,,,
explorer_3,75,62,clear,0,400,,0,,0,,,,
explorer_3,75,63,clear,0,400,,0,,0,,,,
explorer_3,76,62,clear,1,675,,0,,0,,,,
explorer_3,77,61,clear,1,678,,0,,0,,,,
explorer_3,77,62,clear,1,675,,0,,0,,,,
explorer_3,77,63,clear,1,674,,0,,0,,,,
explorer_3,76,63,clear,0,674,,0,,0,,,,
explorer_3,78,62,clear,1,675,,0,,0,,,,
explorer_3,78,63,clear,0,674,,0,,0,,,,
explorer_3,78,64,clear,1,405,,0,,0,,,,
explorer_3,77,64,clear,0,402,,0,,0,,,,
explorer_3,76,64,clear,0,401,,0,,0,,,,
explorer_3,79,63,clear,0,673,,0,,0,,,,
explorer_3,79,64,clear,1,405,,0,,0,,,,
explorer_3,79,65,clear,1,407,,0,,0,,,,
explorer_3,78,65,clear,0,406,,0,,0,,,,
explorer_3,77,65,clear,0,402,,0,,0,,,,
explorer_3,80,63,clear,0,661,,0,,0,,,,
explorer_3,80,64,clear,0,661,,0,,0,,,,
explorer_3,80,65,clear,1,660,,0,,0,,,,
explorer_3,81,64,clear,1,661,,0,,0,,,,
explorer_3,81,65,clear,0,660,,0,,0,,,,
explorer_3,81,66,clear,0,408,,0,,0,,,,
explorer_3,80,66,clear,1,408,,0,,0,,,,
explorer_3,79,66,clear,1,408,,0,,0,,,,
explorer_3,78,66,clear,0,406,,0,,0,,,,
explorer_3,80,67,clear,1,409,,0,,0,,,,
explorer_3,79,67,clear,0,408,,0,,0,,,,
explorer_3,78,67,clear,0,406,,0,,0,,,,
explorer_3,81,67,clear,0,448,,0,,0,,,,
explorer_3,81,68,clear,1,448,,0,,0,,,,
explorer_3,80,68,clear,0,447,,0,,0,,,,
explorer_3,79,68,clear,0,408,,0,,0,,,,
explorer_3,82,67,clear,0,448,,0,,0,,,,
explorer_3,82,68,clear,1,449,,0,,0,,,,
explorer_3,82,69,clear,1,452,,0,,0,,,,
explorer_3,81,69,clear,1,448,,0,,0,,,,
explorer_3,80,69,clear,0,447,,0,,0,,,,
explorer_3,83,68,clear,0,637,,0,,0,,,,
explorer_3,83,69,clear,1,452,,0,,0,,,,
explorer_3,83,70,clear,1,454,,0,,0,,,,
explorer_3,82,70,clear,1,454,,0,,0,,,,
explorer_3,81,70,clear,1,453,,0,,0,,,,
explorer_3,82,71,clear,1,456,,0,,0,,,,
explorer_3,81,71,clear,1,455,,0,,0,,,,
explorer_3,80,71,clear,1,445,,0,,0,,,,
explorer_3,80,70,clear,0,447,,0,,0,,,,
explorer_3,81,72,clear,1,455,,0,,0,,,,
explorer_3,80,72,clear,1,445,,0,,0,,,,
explorer_3,79,72,clear,1,444,,0,,0,,,,
explorer_3,79,71,clear,1,444,,1,326,1,443,,,
explorer_3,79,70,clear,0,443,,0,,0,,,,
explorer_3,80,73,clear,1,444,,0,,0,,,,
explorer_3,79,73,clear,1,444,,0,,0,,,,
explorer_3,78,73,clear,1,442,,0,,0,,,,
explorer_3,78,72,clear,1,443,,0,,0,,,,
explorer_3,78,71,clear,0,443,,0,,0,,,,
explorer_3,81,73,clear,1,455,,0,,0,,,,
explorer_3,81,74,clear,1,424,,0,,0,,,,
explorer_3,80,74,clear,1,441,,0,,0,,,,
explorer_3,79,74,clear,1,441,,0,,0,,,,
explorer_3,81,75,clear,1,488,,0,,0,,,,
explorer_3,80,75,clear,1,440,,0,,0,,,,
explorer_3,79,75,clear,1,440,,0,,0,,,,
explorer_3,82,74,clear,1,487,,0,,0,,,,
explorer_3,82,75,clear,1,488,,0,,0,,,,
explorer_3,82,76,clear,1,489,,0,,0,,,,
explorer_3,81,76,clear,1,489,,1,330,1,427,,,
explorer_3,80,76,clear,0,439,,0,,0,,,,
explorer_3,82,73,clear,1,457,,0,,0,,,,
explorer_3,83,73,clear,1,458,,0,,0,,,,
explorer_3,83,74,clear,1,487,,0,,0,,,,
explorer_3,83,75,clear,1,488,,0,,0,,,,
explorer_3,82,72,clear,1,457,,0,,0,,,,
explorer_3,83,72,clear,1,457,,0,,0,,,,
explorer_3,84,73,clear,0,484,,0,,0,,,,
explorer_3,84,74,clear,1,487,,0,,0,,,,
explorer_3,84,75,clear,1,487,,0,,0,,,,
explorer_3,83,76,clear,1,489,,0,,0,,,,
explorer_3,79,76,clear,1,439,,0,,0,,,,
explorer_3,80,77,clear,1,490,,0,,0,,,,
explorer_3,79,77,clear,1,434,,0,,0,,,,
explorer_3,78,77,clear,1,434,,0,,0,,,,
explorer_3,78,76,clear,1,439,,0,,0,,,,
explorer_3,78,75,clear,0,440,,0,,0,,,,
explorer_3,81,77,clear,1,490,,0,,0,,,,
explorer_3,81,78,clear,1,492,,0,,0,,,,
explorer_3,80,78,clear,1,492,,0,,0,,,,
explorer_3,79,78,clear,1,491,,0,,0,,,,
explorer_3,82,77,clear,1,490,,0,,0,,,,
explorer_3,82,78,clear,1,492,,0,,0,,,,
explorer_3,81,79,clear,1,496,,0,,0,,,,
explorer_3,80,79,clear,1,494,,0,,0,,,,
explorer_3,79,79,clear,0,494,,0,,0,,,,
explorer_3,78,79,clear,0,431,,0,,0,,,,
explorer_3,78,78,clear,1,433,,0,,0,,,,
explorer_3,77,79,clear,0,431,,0,,0,,,,
explorer_3,77,78,clear,0,433,,0,,0,,,,
explorer_3,77,77,clear,0,434,,0,,0,,,,
explorer_3,77,76,clear,0,435,,0,,0,,,,
explorer_3,77,75,clear,1,438,,0,,0,,,,
explorer_3,77,74,clear,1,438,,0,,0,,,,
explorer_3,78,74,clear,1,441,,0,,0,,,,
explorer_3,76,76,clear,0,435,,0,,0,,,,
explorer_3,76,75,clear,0,436,,0,,0,,,,
explorer_3,76,74,clear,0,436,,0,,0,,,,
explorer_3,77,73,clear,0,442,,0,,0,,,,
explorer_3,76,73,clear,0,436,,0,,0,,,,
explorer_3,77,72,clear,0,442,,0,,0,,,,
explorer_3,77,71,clear,0,442,,0,,0,,,,
explorer_3,78,70,clear,0,443,,0,,0,,,,
explorer_3,83,71,clear,1,456,,1,331,1,454,,,
explorer_3,83,67,clear,0,637,,0,,0,,,,
explorer_3,84,68,clear,0,637,,0,,0,,,,
explorer_3,84,69,clear,0,636,,0,,0,,,,
explorer_3,84,70,clear,1,635,,0,,0,,,,
explorer_3,85,69,clear,1,636,,0,,0,,,,
explorer_3,85,70,clear,0,635,,0,,0,,,,
explorer_3,85,71,clear,0,633,,0,,0,,,,
explorer_3,84,71,clear,1,456,,0,,0,,,,
explorer_3,85,72,clear,0,459,,0,,0,,,,
explorer_3,84,72,clear,0,459,,0,,0,,,,
explorer_3,85,73,clear,1,484,,0,,0,,,,
explorer_3,85,74,clear,1,485,,0,,0,,,,
explorer_3,85,75,clear,1,485,,0,,0,,,,
explorer_3,86,72,clear,0,632,,0,,0,,,,
explorer_3,86,73,clear,0,484,,0,,0,,,,
explorer_3,86,74,clear,1,484,,0,,0,,,,
explorer_3,87,73,clear,0,461,,0,,0,,,,
explorer_3,87,74,clear,1,483,,0,,0,,,,
explorer_3,87,75,clear,1,483,,0,,0,,,,
explorer_3,86,75,clear,1,484,,1,336,1,483,,,
explorer_3,88,73,clear,0,461,,0,,0,,,,
explorer_3,88,74,clear,0,462,,0,,0,,,,
explorer_3,88,75,clear,0,465,,0,,0,,,,
explorer_3,88,76,clear,1,479,,0,,0,,,,
explorer_3,87,76,clear,1,483,,0,,0,,,,
explorer_3,86,76,clear,1,483,,0,,0,,,,
explorer_3,88,77,clear,1,580,,0,,0,,,,
explorer_3,87,77,clear,1,580,,1,338,1,479,,,
explorer_3,89,75,wall,0,1499,,0,,0,,,,
explorer_3,89,77,wall,0,1499,,0,,0,,,,
explorer_3,89,76,wall,0,1499,,0,,0,,,,
explorer_3,88,78,clear,1,580,,0,,0,,,,
explorer_3,87,78,clear,1,580,,0,,0,,,,
explorer_3,89,78,wall,0,1499,,0,,0,,,,
explorer_3,86,77,clear,1,580,,0,,0,,,,
explorer_3,86,78,clear,1,580,,0,,0,,,,
explorer_3,85,78,clear,0,478,,0,,0,,,,
explorer_3,85,77,clear,1,481,,0,,0,,,,
explorer_3,85,76,clear,1,485,,0,,0,,,,
explorer_3,84,78,clear,0,469,,0,,0,,,,
explorer_3,84,77,clear,0,486,,0,,0,,,,
explorer_3,84,76,clear,1,487,,0,,0,,,,
explorer_3,83,77,clear,1,489,,0,,0,,,,
explorer_3,83,78,clear,0,489,,0,,0,,,,
explorer_3,83,79,clear,0,496,,0,,0,,,,
explorer_3,82,79,clear,1,496,,0,,0,,,,
explorer_3,83,80,clear,1,502,,0,,0,,,,
explorer_3,82,80,clear,1,497,,0,,0,,,,
explorer_3,81,80,clear,1,497,,0,,0,,,,
explorer_3,84,79,clear,0,475,,0,,0,,,,
explorer_3,84,80,clear,1,502,,0,,0,,,,
explorer_3,84,81,clear,1,503,,0,,0,,,,
explorer_3,83,81,clear,1,502,,0,,0,,,,
explorer_3,82,81,clear,1,500,,0,,0,,,,
explorer_3,84,82,clear,1,504,,0,,0,,,,
explorer_3,83,82,clear,1,504,,1,332,1,500,,,
explorer_3,82,82,clear,1,500,,0,,0,,,,
explorer_3,85,79,clear,0,478,,0,,0,,,,
explorer_3,85,80,clear,1,574,,0,,0,,,,
explorer_3,85,81,clear,0,574,,0,,0,,,,
explorer_3,86,79,clear,1,580,,0,,0,,,,
explorer_3,86,80,clear,1,580,,0,,0,,,,
explorer_3,86,81,clear,1,575,,0,,0,,,,
explorer_3,87,79,clear,1,580,,0,,0,,,,
explorer_3,87,80,clear,1,580,,0,,0,,,,
explorer_3,87,81,clear,1,580,,1,339,1,510,,,
explorer_3,80,80,clear,1,495,,0,,0,,,,
explorer_3,79,80,wall,0,1499,,0,,0,,,,
explorer_3,81,81,clear,1,498,,0,,0,,,,
explorer_3,80,81,clear,0,495,,0,,0,,,,
explorer_3,79,81,wall,0,1499,,0,,0,,,,
explorer_3,81,82,clear,0,499,,0,,0,,,,
explorer_3,80,82,clear,0,495,,0,,0,,,,
explorer_3,83,83,clear,0,549,,0,,0,,,,
explorer_3,82,83,clear,1,549,,0,,0,,,,
explorer_3,81,83,clear,0,549,,0,,0,,,,
explorer_3,83,84,clear,1,551,,0,,0,,,,
explorer_3,82,84,clear,1,551,,0,,0,,,,
explorer_3,81,84,clear,0,550,,0,,0,,,,
explorer_3,84,83,clear,1,548,,0,,0,,,,
explorer_3,85,82,clear,1,574,,0,,0,,,,
explorer_3,85,83,clear,0,509,,0,,0,,,,
explorer_3,86,82,clear,1,574,,0,,0,,,,
explorer_3,86,83,clear,1,573,,0,,0,,,,
explorer_3,85,84,clear,1,547,,0,,0,,,,
explorer_3,84,84,clear,1,551,,0,,0,,,,
explorer_3,85,85,clear,1,564,,0,,0,,,,
explorer_3,84,85,clear,1,563,,0,,0,,,,
explorer_3,83,85,clear,1,552,,0,,0,,,,
explorer_3,86,84,clear,1,572,,0,,0,,,,
explorer_3,86,85,clear,1,571,,0,,0,,,,
explorer_3,87,83,clear,1,573,,0,,0,,,,
explorer_3,87,84,clear,1,572,,0,,0,,,,
explorer_3,87,85,clear,1,571,,0,,0,,,,
explorer_3,87,82,clear,1,574,,0,,0,,,,
explorer_3,88,80,clear,1,581,,0,,0,,,,
explorer_3,88,81,clear,1,591,,1,341,1,511,,,
explorer_3,88,82,clear,1,592,,0,,0,,,,
explorer_3,89,81,clear,1,591,,0,,0,,,,
explorer_3,89,82,clear,1,592,,0,,0,,,,
explorer_3,89,80,wall,0,1499,,0,,0,,,,
explorer_3,89,83,clear,1,592,,0,,0,,,,
explorer_3,88,83,clear,1,592,,0,,0,,,,
explorer_3,89,84,clear,1,592,,0,,0,,,,
explorer_3,88,84,clear,1,592,,0,,0,,,,
explorer_3,90,83,clear,1,592,,0,,0,,,,
explorer_3,90,84,clear,1,592,,0,,0,,,,
explorer_3,90,85,clear,1,592,,0,,0,,,,
explorer_3,89,85,clear,1,592,,0,,0,,,,
explorer_3,88,85,clear,1,571,,0,,0,,,,
explorer_3,91,84,clear,1,592,,0,,0,,,,
explorer_3,91,85,clear,1,592,,0,,0,,,,
explorer_3,91,86,clear,1,522,,0,,0,,,,
explorer_3,90,86,clear,1,568,,0,,0,,,,
explorer_3,89,86,clear,1,569,,0,,0,,,,
explorer_3,91,87,clear,1,523,,0,,0,,,,
explorer_3,90,87,clear,1,567,,0,,0,,,,
explorer_3,89,87,clear,1,567,,0,,0,,,,
explorer_3,92,85,wall,0,1499,,0,,0,,,,
explorer_3,92,84,wall,0,1499,,0,,0,,,,
explorer_3,92,86,wall,0,1499,,0,,0,,,,
explorer_3,92,87,wall,0,1499,,0,,0,,,,
explorer_3,91,88,clear,1,524,,0,,0,,,,
explorer_3,90,88,clear,1,532,,0,,0,,,,
explorer_3,92,88,wall,0,1499,,0,,0,,,,
explorer_3,91,89,clear,0,524,,0,,0,,,,
explorer_3,90,89,clear,1,532,,0,,0,,,,
explorer_3,89,89,clear,1,533,,0,,0,,,,
explorer_3,89,88,clear,0,566,,0,,0,,,,
explorer_3,88,88,clear,1,566,,1,342,1,531,,,
explorer_3,88,87,clear,1,567,,0,,0,,,,
explorer_3,88,86,clear,1,569,,0,,0,,,,
explorer_3,92,89,wall,0,1499,,0,,0,,,,
explorer_3,91,90,clear,0,524,,0,,0,,,,
explorer_3,90,90,clear,0,532,,0,,0,,,,
explorer_3,89,90,clear,1,533,,0,,0,,,,
explorer_3,90,91,clear,0,526,,0,,0,,,,
explorer_3,89,91,clear,1,527,,0,,0,,,,
explorer_3,88,91,clear,0,528,,0,,0,,,,
explorer_3,88,90,clear,1,533,,0,,0,,,,
explorer_3,88,89,clear,1,534,,0,,0,,,,
explorer_3,90,92,clear,0,526,,0,,0,,,,
explorer_3,89,92,clear,0,526,,0,,0,,,,
explorer_3,88,92,clear,0,526,,0,,0,,,,
explorer_3,87,91,clear,0,529,,0,,0,,,,
explorer_3,87,90,clear,1,533,,1,340,1,528,,,
explorer_3,87,89,clear,1,535,,0,,0,,,,
explorer_3,86,91,clear,0,529,,0,,0,,,,
explorer_3,86,90,clear,1,530,,0,,0,,,,
explorer_3,86,89,clear,0,561,,0,,0,,,,
explorer_3,85,91,clear,0,529,,0,,0,,,,
explorer_3,85,90,clear,0,529,,0,,0,,,,
explorer_3,85,89,clear,0,561,,0,,0,,,,
explorer_3,87,88,clear,1,566,,0,,0,,,,
explorer_3,86,88,clear,1,565,,0,,0,,,,
explorer_3,87,87,clear,1,566,,0,,0,,,,
explorer_3,86,87,clear,1,565,,1,337,1,536,,,
explorer_3,85,88,clear,1,562,,0,,0,,,,
explorer_3,85,87,clear,1,564,,0,,0,,,,
explorer_3,86,86,clear,1,565,,0,,0,,,,
explorer_3,87,86,clear,1,569,,0,,0,,,,
explorer_3,85,86,clear,1,564,,0,,0,,,,
explorer_3,84,86,clear,1,563,,0,,0,,,,
explorer_3,84,87,clear,1,563,,0,,0,,,,
explorer_3,83,87,clear,1,560,,0,,0,,,,
explorer_3,83,86,clear,1,553,,0,,0,,,,
explorer_3,84,88,clear,1,562,,0,,0,,,,
explorer_3,83,88,clear,1,560,,0,,0,,,,
explorer_3,82,88,clear,1,559,,0,,0,,,,
explorer_3,82,87,clear,1,556,,0,,0,,,,
explorer_3,82,86,clear,1,554,,0,,0,,,,
explorer_3,84,89,clear,0,561,,0,,0,,,,
explorer_3,83,89,clear,1,560,,0,,0,,,,
explorer_3,82,89,clear,1,559,,0,,0,,,,
explorer_3,82,85,clear,1,552,,0,,0,,,,
explorer_3,81,85,clear,0,552,,0,,0,,,,
explorer_3,81,86,clear,0,554,,0,,0,,,,
explorer_3,81,87,clear,1,556,,0,,0,,,,
explorer_3,81,88,clear,1,557,,0,,0,,,,
explorer_3,80,88,clear,0,556,,0,,0,,,,
explorer_3,80,87,clear,0,556,,0,,0,,,,
explorer_3,80,86,clear,0,554,,0,,0,,,,
explorer_3,81,89,clear,0,558,,0,,0,,,,
explorer_3,80,89,clear,0,556,,0,,0,,,,
explorer_3,83,90,clear,0,559,,0,,0,,,,
explorer_3,82,90,clear,1,559,,0,,0,,,,
explorer_3,81,90,clear,0,558,,0,,0,,,,
explorer_3,83,91,clear,0,558,,0,,0,,,,
explorer_3,82,91,clear,0,558,,0,,0,,,,
explorer_3,81,91,clear,0,558,,0,,0,,,,
explorer_3,84,90,clear,0,559,,0,,0,,,,
explorer_3,88,79,clear,1,580,,0,,0,,,,
explorer_3,89,79,wall,0,1499,,0,,0,,,,
explorer_3,90,80,clear,1,593,,0,,0,,,,
explorer_3,90,81,clear,1,593,,0,,0,,,,
explorer_3,90,82,clear,1,592,,0,,0,,,,
explorer_3,91,80,clear,1,594,,0,,0,,,,
explorer_3,91,81,clear,1,593,,1,344,1,592,,,
explorer_3,91,82,clear,1,592,,1,345,1,592,,,
explorer_3,90,79,clear,0,593,,0,,0,,,,
explorer_3,91,79,clear,0,595,,0,,0,,,,
explorer_3,92,82,wall,0,1499,,0,,0,,,,
explorer_3,92,81,wall,0,1499,,0,,0,,,,
explorer_3,92,80,wall,0,1499,,0,,0,,,,
explorer_3,91,83,clear,1,592,,0,,0,,,,
explorer_3,92,83,wall,0,1499,,0,,0,,,,
explorer_3,92,79,clear,1,597,,0,,0,,,,
explorer_3,92,78,clear,1,598,,0,,0,,,,
explorer_3,93,78,clear,1,598,,0,,0,,,,
explorer_3,93,79,clear,0,597,,0,,0,,,,
explorer_3,93,80,clear,0,594,,0,,0,,,,
explorer_3,91,78,clear,0,596,,0,,0,,,,
explorer_3,92,77,clear,1,602,,1,346,1,596,,,
explorer_3,93,77,clear,1,602,,0,,0,,,,
explorer_3,91,77,clear,0,599,,0,,0,,,,
explorer_3,92,76,clear,1,603,,0,,0,,,,
explorer_3,93,76,clear,1,603,,0,,0,,,,
explorer_3,91,76,clear,0,601,,0,,0,,,,
explorer_3,92,75,clear,1,604,,0,,0,,,,
explorer_3,93,75,clear,1,604,,0,,0,,,,
explorer_3,91,75,clear,1,604,,0,,0,,,,
explorer_3,91,74,clear,0,606,,0,,0,,,,
explorer_3,92,74,clear,1,608,,0,,0,,,,
explorer_3,90,76,clear,0,600,,0,,0,,,,
explorer_3,90,75,clear,0,600,,0,,0,,,,
explorer_3,90,74,clear,0,605,,0,,0,,,,
explorer_3,93,74,clear,0,608,,0,,0,,,,
explorer_3,92,73,clear,1,609,,0,,0,,,,
explorer_3,93,73,clear,1,609,,0,,0,,,,
explorer_3,91,73,clear,1,607,,0,,0,,,,
explorer_3,91,72,clear,0,611,,0,,0,,,,
explorer_3,92,72,clear,1,611,,0,,0,,,,
explorer_3,90,73,clear,0,605,,0,,0,,,,
explorer_3,90,72,clear,0,611,,0,,0,,,,
explorer_3,93,72,clear,1,610,,0,,0,,,,
explorer_3,92,71,clear,1,616,,0,,0,,,,
explorer_3,93,71,clear,0,613,,0,,0,,,,
explorer_3,91,71,clear,1,616,,0,,0,,,,
explorer_3,92,70,clear,1,617,,0,,0,,,,
explorer_3,93,70,clear,1,615,,1,347,1,613,,,
explorer_3,91,70,clear,1,617,,1,343,1,616,,,
explorer_3,90,71,clear,0,616,,0,,0,,,,
explorer_3,90,70,clear,0,630,,0,,0,,,,
explorer_3,92,69,clear,1,620,,0,,0,,,,
explorer_3,93,69,clear,1,618,,0,,0,,,,
explorer_3,91,69,clear,1,623,,0,,0,,,,
explorer_3,93,68,clear,0,619,,0,,0,,,,
explorer_3,92,68,clear,1,621,,0,,0,,,,
explorer_3,91,68,clear,1,623,,0,,0,,,,
explorer_3,90,69,clear,0,630,,0,,0,,,,
explorer_3,90,68,clear,1,630,,0,,0,,,,
explorer_3,92,67,clear,1,621,,0,,0,,,,
explorer_3,93,67,clear,0,619,,0,,0,,,,
explorer_3,91,67,clear,1,739,,0,,0,,,,
explorer_3,92,66,clear,0,735,,0,,0,,,,
explorer_3,93,66,clear,0,619,,0,,0,,,,
explorer_3,91,66,clear,0,739,,0,,0,,,,
explorer_3,90,67,clear,1,740,,0,,0,,,,
explorer_3,90,66,clear,1,741,,0,,0,,,,
explorer_3,89,68,clear,1,630,,0,,0,,,,
explorer_3,89,67,clear,1,742,,0,,0,,,,
explorer_3,89,66,clear,1,743,,0,,0,,,,
explorer_3,89,69,clear,1,631,,0,,0,,,,
explorer_3,88,68,clear,1,630,,0,,0,,,,
explorer_3,88,67,clear,1,742,,0,,0,,,,
explorer_3,88,66,clear,1,743,,0,,0,,,,
explorer_3,88,69,clear,1,631,,0,,0,,,,
explorer_3,87,69,clear,0,634,,0,,0,,,,
explorer_3,87,68,clear,1,634,,0,,0,,,,
explorer_3,87,67,clear,0,742,,0,,0,,,,
explorer_3,87,66,clear,0,743,,0,,0,,,,
explorer_3,86,69,clear,1,636,,0,,0,,,,
explorer_3,86,68,clear,0,636,,0,,0,,,,
explorer_3,86,67,clear,0,638,,0,,0,,,,
explorer_3,88,70,clear,1,632,,0,,0,,,,
explorer_3,87,70,clear,0,634,,0,,0,,,,
explorer_3,89,70,wall,0,1499,,0,,0,,,,
explorer_3,88,71,clear,0,632,,0,,0,,,,
explorer_3,87,71,clear,1,633,,0,,0,,,,
explorer_3,89,71,wall,0,1499,,0,,0,,,,
explorer_3,88,72,clear,0,632,,0,,0,,,,
explorer_3,87,72,clear,0,632,,0,,0,,,,
explorer_3,86,71,clear,0,633,,0,,0,,,,
explorer_3,86,70,clear,1,635,,0,,0,,,,
explorer_3,85,68,clear,1,637,,0,,0,,,,
explorer_3,85,67,clear,0,638,,0,,0,,,,
explorer_3,84,67,clear,1,638,,0,,0,,,,
explorer_3,84,66,clear,0,638,,0,,0,,,,
explorer_3,85,66,clear,1,639,,0,,0,,,,
explorer_3,83,66,clear,0,637,,0,,0,,,,
explorer_3,85,65,clear,0,642,,0,,0,,,,
explorer_3,86,65,clear,1,642,,0,,0,,,,
explorer_3,86,66,clear,0,640,,0,,0,,,,
explorer_3,84,65,clear,0,638,,0,,0,,,,
explorer_3,86,64,clear,1,656,,0,,0,,,,
explorer_3,87,64,clear,1,745,,0,,0,,,,
explorer_3,87,65,clear,1,744,,0,,0,,,,
explorer_3,85,64,clear,0,657,,0,,0,,,,
explorer_3,88,64,clear,1,746,,0,,0,,,,
explorer_3,88,65,clear,1,746,,0,,0,,,,
explorer_3,87,63,clear,1,745,,0,,0,,,,
explorer_3,88,63,clear,1,748,,0,,0,,,,
explorer_3,86,63,clear,1,656,,0,,0,,,,
explorer_3,85,63,clear,1,657,,0,,0,,,,
explorer_3,86,62,clear,1,656,,0,,0,,,,
explorer_3,87,62,clear,1,745,,0,,0,,,,
explorer_3,85,62,clear,1,657,,0,,0,,,,
explorer_3,88,62,clear,1,748,,0,,0,,,,
explorer_3,87,61,clear,1,732,,0,,0,,,,
explorer_3,88,61,clear,1,748,,0,,0,,,,
explorer_3,86,61,clear,1,722,,0,,0,,,,
explorer_3,86,60,clear,1,722,,0,,0,,,,
explorer_3,87,60,clear,1,731,,0,,0,,,,
explorer_3,85,61,clear,1,655,,0,,0,,,,
explorer_3,85,60,clear,1,721,,0,,0,,,,
explorer_3,88,60,clear,1,802,,0,,0,,,,
explorer_3,86,59,clear,1,725,,0,,0,,,,
explorer_3,87,59,clear,1,725,,0,,0,,,,
explorer_3,85,59,clear,1,721,,0,,0,,,,
explorer_3,85,58,clear,1,721,,0,,0,,,,
explorer_3,86,58,clear,0,725,,0,,0,,,,
explorer_3,84,60,clear,0,654,,0,,0,,,,
explorer_3,84,59,clear,1,695,,0,,0,,,,
explorer_3,84,58,clear,1,696,,0,,0,,,,
explorer_3,83,60,clear,0,663,,0,,0,,,,
explorer_3,83,59,clear,0,694,,0,,0,,,,
explorer_3,83,58,clear,0,696,,0,,0,,,,
explorer_3,84,61,clear,1,658,,0,,0,,,,
explorer_3,84,62,clear,0,658,,0,,0,,,,
explorer_3,83,62,clear,1,663,,0,,0,,,,
explorer_3,83,61,clear,0,663,,0,,0,,,,
explorer_3,84,63,clear,1,658,,0,,0,,,,
explorer_3,84,64,clear,0,657,,0,,0,,,,
explorer_3,83,64,clear,0,659,,0,,0,,,,
explorer_3,83,63,clear,0,662,,0,,0,,,,
explorer_3,82,63,clear,1,662,,0,,0,,,,
explorer_3,82,62,clear,1,663,,0,,0,,,,
explorer_3,82,61,clear,1,664,,0,,0,,,,
explorer_3,82,64,clear,0,661,,0,,0,,,,
explorer_3,81,63,clear,1,662,,0,,0,,,,
explorer_3,81,62,clear,0,667,,0,,0,,,,
explorer_3,82,65,clear,0,660,,0,,0,,,,
explorer_3,80,62,clear,0,672,,0,,0,,,,
explorer_3,81,61,clear,0,667,,0,,0,,,,
explorer_3,82,60,clear,0,664,,0,,0,,,,
explorer_3,81,60,clear,1,667,,0,,0,,,,
explorer_3,82,59,clear,0,687,,0,,0,,,,
explorer_3,80,61,clear,1,672,,0,,0,,,,
explorer_3,80,60,clear,1,672,,0,,0,,,,
explorer_3,79,61,clear,1,673,,0,,0,,,,
explorer_3,79,62,clear,0,673,,0,,0,,,,
explorer_3,78,61,clear,1,678,,0,,0,,,,
explorer_3,81,55,clear,0,689,,0,,0,,,,
explorer_3,81,56,clear,0,689,,0,,0,,,,
explorer_3,82,56,clear,1,691,,0,,0,,,,
explorer_3,82,57,clear,0,691,,0,,0,,,,
explorer_3,82,58,clear,1,688,,0,,0,,,,
explorer_3,83,57,clear,1,696,,0,,0,,,,
explorer_3,83,56,clear,1,696,,0,,0,,,,
explorer_3,84,56,clear,1,700,,0,,0,,,,
explorer_3,84,57,clear,1,697,,0,,0,,,,
explorer_3,82,55,clear,0,691,,0,,0,,,,
explorer_3,83,55,clear,1,692,,0,,0,,,,
explorer_3,83,54,clear,0,690,,0,,0,,,,
explorer_3,82,54,clear,0,690,,0,,0,,,,
explorer_3,84,55,wall,0,1499,,0,,0,,,,
explorer_3,84,54,wall,0,1499,,0,,0,,,,
explorer_3,85,55,clear,1,715,,0,,0,,,,
explorer_3,85,56,clear,1,715,,0,,0,,,,
explorer_3,85,57,clear,1,699,,0,,0,,,,
explorer_3,86,56,clear,1,718,,0,,0,,,,
explorer_3,86,57,clear,1,725,,0,,0,,,,
explorer_3,86,55,clear,1,717,,0,,0,,,,
explorer_3,87,56,clear,1,804,,0,,0,,,,
explorer_3,87,57,clear,1,789,,0,,0,,,,
explorer_3,87,58,clear,1,726,,0,,0,,,,
explorer_3,87,55,clear,1,804,,0,,0,,,,
explorer_3,85,54,clear,1,715,,0,,0,,,,
explorer_3,86,54,clear,1,716,,0,,0,,,,
explorer_3,86,53,clear,0,714,,0,,0,,,,
explorer_3,87,53,clear,1,806,,0,,0,,,,
explorer_3,87,54,clear,0,806,,0,,0,,,,
explorer_3,85,53,clear,1,714,,0,,0,,,,
explorer_3,87,52,clear,1,809,,0,,0,,,,
explorer_3,88,52,clear,1,809,,0,,0,,,,
explorer_3,88,53,clear,1,807,,0,,0,,,,
explorer_3,88,54,clear,0,806,,0,,0,,,,
explorer_3,86,52,clear,1,809,,0,,0,,,,
explorer_3,87,51,clear,1,810,,0,,0,,,,
explorer_3,88,51,clear,1,812,,0,,0,,,,
explorer_3,86,51,clear,1,809,,0,,0,,,,
explorer_3,86,50,clear,1,809,,0,,0,,,,
explorer_3,87,50,clear,1,813,,0,,0,,,,
explorer_3,85,52,clear,1,713,,0,,0,,,,
explorer_3,85,51,clear,1,712,,0,,0,,,,
explorer_3,85,50,clear,1,710,,0,,0,,,,
explorer_3,87,49,clear,1,813,,0,,0,,,,
explorer_3,88,49,clear,1,814,,0,,0,,,,
explorer_3,88,50,clear,1,813,,0,,0,,,,
explorer_3,86,49,clear,1,709,,0,,0,,,,
explorer_3,87,48,clear,0,813,,0,,0,,,,
explorer_3,88,48,clear,0,816,,0,,0,,,,
explorer_3,86,48,clear,0,708,,0,,0,,,,
explorer_3,85,49,clear,0,709,,0,,0,,,,
explorer_3,85,48,clear,0,708,,0,,0,,,,
explorer_3,84,50,wall,0,1499,,0,,0,,,,
explorer_3,84,49,wall,0,1499,,0,,0,,,,
explorer_3,84,51,wall,0,1499,,0,,0,,,,
explorer_3,84,52,wall,0,1499,,0,,0,,,,
explorer_3,84,53,wall,0,1499,,0,,0,,,,
explorer_3,88,55,clear,1,805,,0,,0,,,,
explorer_3,88,56,clear,1,804,,0,,0,,,,
explorer_3,88,57,clear,1,803,,0,,0,,,,
explorer_3,88,58,clear,1,803,,0,,0,,,,
explorer_3,89,57,clear,1,803,,0,,0,,,,
explorer_3,89,58,clear,1,803,,0,,0,,,,
explorer_3,89,59,clear,1,802,,0,,0,,,,
explorer_3,88,59,clear,1,802,,0,,0,,,,
explorer_3,89,60,clear,1,802,,0,,0,,,,
explorer_3,89,61,clear,1,802,,0,,0,,,,
explorer_3,89,56,clear,1,804,,0,,0,,,,
explorer_3,90,57,clear,1,803,,0,,0,,,,
explorer_3,90,58,clear,1,803,,0,,0,,,,
explorer_3,90,59,clear,1,803,,0,,0,,,,
explorer_3,91,58,clear,1,803,,0,,0,,,,
explorer_3,91,59,clear,1,803,,0,,0,,,,
explorer_3,91,60,clear,1,802,,0,,0,,,,
explorer_3,90,60,clear,1,802,,0,,0,,,,
explorer_3,90,61,clear,1,802,,0,,0,,,,
explorer_3,90,62,clear,1,802,,0,,0,,,,
explorer_3,89,62,clear,1,750,,0,,0,,,,
explorer_3,89,63,clear,1,750,,0,,0,,,,
explorer_3,90,63,clear,1,755,,0,,0,,,,
explorer_3,90,64,clear,1,751,,0,,0,,,,
explorer_3,89,64,clear,1,747,,0,,0,,,,
explorer_3,91,63,clear,1,755,,0,,0,,,,
explorer_3,91,64,clear,1,752,,0,,0,,,,
explorer_3,91,65,clear,1,739,,0,,0,,,,
explorer_3,90,65,clear,1,746,,0,,0,,,,
explorer_3,89,65,clear,1,746,,0,,0,,,,
explorer_3,92,64,clear,1,753,,0,,0,,,,
explorer_3,92,65,clear,0,737,,0,,0,,,,
explorer_3,92,63,clear,1,755,,0,,0,,,,
explorer_3,93,63,clear,1,754,,0,,0,,,,
explorer_3,93,64,clear,0,753,,0,,0,,,,
explorer_3,93,65,clear,0,736,,0,,0,,,,
explorer_3,91,62,clear,1,802,,0,,0,,,,
explorer_3,91,61,clear,1,802,,0,,0,,,,
explorer_3,92,62,clear,1,802,,0,,0,,,,
explorer_3,93,62,clear,0,756,,0,,0,,,,
explorer_3,92,61,clear,1,802,,0,,0,,,,
explorer_3,93,61,clear,0,758,,0,,0,,,,
explorer_3,92,60,clear,1,803,,0,,0,,,,
explorer_3,93,60,clear,1,803,,0,,0,,,,
explorer_3,92,59,clear,1,803,,0,,0,,,,
explorer_3,93,59,clear,1,803,,1,378,1,803,,,
explorer_3,92,58,clear,1,803,,0,,0,,,,
explorer_3,93,58,clear,1,803,,0,,0,,,,
explorer_3,93,57,clear,1,803,,1,407,1,761,,,
explorer_3,92,57,clear,1,803,,0,,0,,,,
explorer_3,93,56,clear,1,765,,0,,0,,,,
explorer_3,92,56,clear,1,798,,0,,0,,,,
explorer_3,93,55,clear,0,767,,0,,0,,,,
explorer_3,92,55,clear,0,786,,0,,0,,,,
explorer_3,91,57,clear,1,803,,0,,0,,,,
explorer_3,91,56,clear,1,803,,1,405,1,764,,,
explorer_3,91,55,clear,1,803,,0,,0,,,,
explorer_3,90,56,clear,1,803,,0,,0,,,,
explorer_3,90,55,clear,1,805,,0,,0,,,,
explorer_3,91,54,clear,1,787,,0,,0,,,,
explorer_3,92,54,clear,1,786,,0,,0,,,,
explorer_3,90,54,clear,1,805,,0,,0,,,,
explorer_3,92,53,clear,1,786,,0,,0,,,,
explorer_3,93,53,clear,0,774,,0,,0,,,,
explorer_3,93,54,clear,0,773,,0,,0,,,,
explorer_3,91,53,clear,1,786,,1,404,1,768,,,
explorer_3,91,52,clear,1,829,,0,,0,,,,
explorer_3,92,52,clear,1,829,,0,,0,,,,
explorer_3,90,53,clear,1,807,,0,,0,,,,
explorer_3,90,52,clear,1,829,,0,,0,,,,
explorer_3,90,51,clear,1,829,,0,,0,,,,
explorer_3,91,51,clear,1,829,,1,403,1,829,,,
explorer_3,89,53,clear,1,807,,0,,0,,,,
explorer_3,89,52,clear,1,829,,0,,0,,,,
explorer_3,89,51,clear,1,829,,0,,0,,,,
explorer_3,92,51,clear,1,829,,0,,0,,,,
explorer_3,92,50,clear,1,829,,0,,0,,,,
explorer_3,93,50,clear,1,829,,0,,0,,,,
explorer_3,93,51,clear,1,829,,0,,0,,,,
explorer_3,93,52,clear,1,775,,0,,0,,,,
explorer_3,91,50,clear,1,829,,0,,0,,,,
explorer_3,93,49,clear,1,830,,0,,0,,,,
explorer_3,92,49,clear,1,830,,0,,0,,,,
explorer_3,93,48,clear,1,830,,0,,0,,,,
explorer_3,92,48,clear,1,830,,0,,0,,,,
explorer_3,91,49,clear,1,830,,0,,0,,,,
explorer_3,91,48,clear,1,830,,0,,0,,,,
explorer_3,90,50,clear,1,829,,0,,0,,,,
explorer_3,90,49,clear,1,829,,0,,0,,,,
explorer_3,89,50,clear,1,829,,0,,0,,,,
explorer_3,89,49,clear,1,826,,0,,0,,,,
explorer_3,89,54,clear,1,806,,0,,0,,,,
explorer_3,89,55,clear,1,805,,0,,0,,,,
explorer_3,89,48,clear,1,826,,0,,0,,,,
explorer_3,90,48,clear,1,829,,0,,0,,,,
explorer_3,89,47,clear,1,880,,0,,0,,,,
explorer_3,90,47,clear,1,879,,0,,0,,,,
explorer_3,88,47,clear,0,880,,0,,0,,,,
explorer_3,90,46,clear,1,879,,0,,0,,,,
explorer_3,91,46,clear,1,878,,0,,0,,,,
explorer_3,91,47,clear,1,877,,0,,0,,,,
explorer_3,89,46,clear,1,881,,0,,0,,,,
explorer_3,88,46,clear,1,881,,0,,0,,,,
explorer_3,90,45,clear,1,879,,0,,0,,,,
explorer_3,91,45,clear,1,878,,0,,0,,,,
explorer_3,89,45,clear,0,882,,0,,0,,,,
explorer_3,92,46,clear,1,877,,0,,0,,,,
explorer_3,92,47,clear,1,877,,0,,0,,,,
explorer_3,93,46,clear,1,876,,0,,0,,,,
explorer_3,93,47,clear,1,831,,0,,0,,,,
explorer_3,93,45,clear,1,876,,0,,0,,,,
explorer_3,92,45,clear,1,877,,0,,0,,,,
explorer_3,91,44,clear,1,878,,0,,0,,,,
explorer_3,92,44,clear,1,876,,0,,0,,,,
explorer_3,90,44,clear,1,878,,0,,0,,,,
explorer_3,90,43,clear,1,871,,0,,0,,,,
explorer_3,91,43,clear,1,873,,0,,0,,,,
explorer_3,89,44,clear,0,882,,0,,0,,,,
explorer_3,89,43,clear,1,882,,0,,0,,,,
explorer_3,89,42,clear,1,870,,0,,0,,,,
explorer_3,90,42,clear,1,870,,1,302,1,853,,,
explorer_3,88,44,clear,1,883,,0,,0,,,,
explorer_3,88,43,clear,1,883,,0,,0,,,,
explorer_3,88,42,clear,1,886,,0,,0,,,,
explorer_3,89,41,clear,1,860,,0,,0,,,,
explorer_3,90,41,clear,0,869,,0,,0,,,,
explorer_3,88,41,clear,1,917,,0,,0,,,,
explorer_3,87,43,clear,1,884,,1,292,1,883,,,
explorer_3,87,42,clear,1,886,,0,,0,,,,
explorer_3,87,41,clear,1,917,,0,,0,,,,
explorer_3,87,44,clear,1,883,,0,,0,,,,
explorer_3,88,45,clear,1,882,,0,,0,,,,
explorer_3,87,45,clear,0,882,,0,,0,,,,
explorer_3,86,45,clear,0,843,,0,,0,,,,
explorer_3,86,44,clear,1,883,,0,,0,,,,
explorer_3,86,43,clear,1,884,,0,,0,,,,
explorer_3,85,45,clear,1,843,,0,,0,,,,
explorer_3,85,44,clear,1,844,,0,,0,,,,
explorer_3,85,43,wall,0,1499,,0,,0,,,,
explorer_3,86,46,clear,0,840,,0,,0,,,,
explorer_3,85,46,clear,0,842,,0,,0,,,,
explorer_3,84,46,clear,1,842,,0,,0,,,,
explorer_3,84,45,clear,1,843,,0,,0,,,,
explorer_3,84,44,clear,0,843,,0,,0,,,,
explorer_3,85,47,clear,0,841,,0,,0,,,,
explorer_3,84,47,clear,0,841,,0,,0,,,,
explorer_3,83,47,clear,0,841,,0,,0,,,,
explorer_3,83,46,clear,0,842,,0,,0,,,,
explorer_3,83,45,clear,0,842,,0,,0,,,,
explorer_3,83,44,clear,0,842,,0,,0,,,,
explorer_3,84,43,wall,0,1499,,0,,0,,,,
explorer_3,86,42,clear,1,886,,0,,0,,,,
explorer_3,85,42,wall,0,1499,,0,,0,,,,
explorer_3,86,41,clear,1,917,,0,,0,,,,
explorer_3,88,40,clear,1,917,,0,,0,,,,
explorer_3,89,40,clear,1,917,,0,,0,,,,
explorer_3,87,40,clear,1,917,,0,,0,,,,
explorer_3,89,39,clear,1,917,,0,,0,,,,
explorer_3,90,39,clear,1,917,,0,,0,,,,
explorer_3,90,40,clear,1,913,,0,,0,,,,
explorer_3,88,39,clear,1,917,,0,,0,,,,
explorer_3,89,38,clear,1,918,,0,,0,,,,
explorer_3,90,38,clear,1,918,,0,,0,,,,
explorer_3,88,38,clear,1,918,,0,,0,,,,
explorer_3,88,37,clear,1,922,,1,297,1,894,,,
explorer_3,89,37,clear,1,919,,0,,0,,,,
explorer_3,87,39,clear,1,917,,0,,0,,,,
explorer_3,87,38,clear,1,917,,0,,0,,,,
explorer_3,87,37,clear,1,922,,0,,0,,,,
explorer_3,86,40,clear,1,917,,0,,0,,,,
explorer_3,86,39,clear,1,917,,0,,0,,,,
explorer_3,86,38,clear,1,893,,0,,0,,,,
explorer_3,91,41,clear,0,869,,0,,0,,,,
explorer_3,91,42,clear,1,872,,0,,0,,,,
explorer_3,92,42,clear,1,872,,0,,0,,,,
explorer_3,92,43,clear,1,875,,0,,0,,,,
explorer_3,92,41,clear,1,869,,0,,0,,,,
explorer_3,93,41,clear,1,868,,0,,0,,,,
explorer_3,93,42,clear,1,872,,0,,0,,,,
explorer_3,93,43,clear,0,875,,0,,0,,,,
explorer_3,93,40,clear,1,868,,0,,0,,,,
explorer_3,92,40,clear,1,913,,1,305,1,858,,,
explorer_3,92,39,clear,1,913,,0,,0,,,,
explorer_3,93,39,clear,1,911,,0,,0,,,,
explorer_3,91,40,clear,1,913,,0,,0,,,,
explorer_3,91,39,clear,1,913,,0,,0,,,,
explorer_3,91,38,clear,1,914,,0,,0,,,,
explorer_3,90,37,clear,1,918,,0,,0,,,,
explorer_3,91,37,clear,1,914,,0,,0,,,,
explorer_3,91,36,clear,1,945,,0,,0,,,,
explorer_3,92,36,clear,1,911,,0,,0,,,,
explorer_3,92,37,clear,1,913,,0,,0,,,,
explorer_3,92,38,clear,1,913,,0,,0,,,,
explorer_3,90,36,clear,1,945,,0,,0,,,,
explorer_3,93,37,clear,1,911,,0,,0,,,,
explorer_3,93,38,clear,1,911,,0,,0,,,,
explorer_3,93,44,clear,1,876,,0,,0,,,,
explorer_3,87,47,clear,0,880,,0,,0,,,,
explorer_3,87,46,clear,0,881,,0,,0,,,,
explorer_3,85,41,wall,0,1499,,0,,0,,,,
explorer_3,85,40,wall,0,1499,,0,,0,,,,
explorer_3,85,39,wall,0,1499,,0,,0,,,,
explorer_3,85,38,wall,0,1499,,0,,0,,,,
explorer_3,86,37,clear,1,922,,0,,0,,,,
explorer_3,86,36,clear,1,923,,0,,0,,,,
explorer_3,87,36,clear,1,923,,0,,0,,,,
explorer_3,85,36,wall,0,1499,,0,,0,,,,
explorer_3,85,37,wall,0,1499,,0,,0,,,,
explorer_3,86,35,clear,1,925,,0,,0,,,,
explorer_3,87,35,clear,1,939,,0,,0,,,,
explorer_3,85,35,wall,0,1499,,0,,0,,,,
explorer_3,88,36,clear,1,945,,0,,0,,,,
explorer_3,89,36,clear,1,945,,0,,0,,,,
explorer_3,89,35,clear,1,945,,0,,0,,,,
explorer_3,90,35,clear,1,945,,0,,0,,,,
explorer_3,88,35,clear,1,945,,1,296,1,920,,,
explorer_3,91,35,clear,1,945,,0,,0,,,,
explorer_3,92,35,clear,1,908,,0,,0,,,,
explorer_3,92,34,clear,1,1019,,0,,0,,,,
explorer_3,93,34,clear,1,1019,,0,,0,,,,
explorer_3,93,35,clear,1,908,,0,,0,,,,
explorer_3,93,36,clear,1,911,,0,,0,,,,
explorer_3,91,34,clear,1,945,,0,,0,,,,
explorer_3,91,33,clear,1,948,,0,,0,,,,
explorer_3,92,33,clear,1,1019,,0,,0,,,,
explorer_3,90,34,clear,1,945,,0,,0,,,,
explorer_3,90,33,clear,1,948,,0,,0,,,,
explorer_3,93,33,clear,1,1019,,0,,0,,,,
explorer_3,91,32,clear,1,949,,0,,0,,,,
explorer_3,92,32,clear,1,1019,,0,,0,,,,
explorer_3,90,32,clear,1,954,,0,,0,,,,
explorer_3,92,31,clear,1,1019,,0,,0,,,,
explorer_3,93,31,clear,1,1019,,0,,0,,,,
explorer_3,93,32,clear,1,1019,,0,,0,,,,
explorer_3,91,31,clear,1,953,,0,,0,,,,
explorer_3,88,34,clear,1,945,,1,295,1,939,,,
explorer_3,89,34,clear,1,945,,0,,0,,,,
explorer_3,87,34,clear,1,939,,0,,0,,,,
explorer_3,86,34,clear,1,938,,0,,0,,,,
explorer_3,85,34,wall,0,1499,,0,,0,,,,
explorer_3,86,33,clear,1,938,,0,,0,,,,
explorer_3,87,33,clear,1,939,,0,,0,,,,
explorer_3,85,33,wall,0,1499,,0,,0,,,,
explorer_3,88,33,clear,1,945,,1,294,1,936,,,
explorer_3,86,32,clear,0,938,,0,,0,,,,
explorer_3,87,32,clear,1,938,,0,,0,,,,
explorer_3,85,32,wall,0,1499,,0,,0,,,,
explorer_3,87,31,clear,1,937,,0,,0,,,,
explorer_3,88,31,clear,1,955,,0,,0,,,,
explorer_3,88,32,clear,1,954,,0,,0,,,,
explorer_3,86,31,clear,1,933,,0,,0,,,,
explorer_3,86,30,clear,0,933,,0,,0,,,,
explorer_3,87,30,clear,1,959,,0,,0,,,,
explorer_3,85,30,wall,0,1499,,0,,0,,,,
explorer_3,85,31,wall,0,1499,,0,,0,,,,
explorer_3,87,29,clear,1,1007,,0,,0,,,,
explorer_3,88,29,clear,1,1007,,0,,0,,,,
explorer_3,88,30,clear,1,959,,0,,0,,,,
explorer_3,86,29,clear,1,1007,,0,,0,,,,
explorer_3,86,28,clear,1,1007,,0,,0,,,,
explorer_3,87,28,clear,1,1007,,0,,0,,,,
explorer_3,85,29,wall,0,1499,,0,,0,,,,
explorer_3,85,28,wall,0,1499,,0,,0,,,,
explorer_3,88,28,clear,1,1007,,1,293,1,960,,,
explorer_3,89,29,clear,1,960,,0,,0,,,,
explorer_3,89,30,clear,1,959,,0,,0,,,,
explorer_3,89,31,clear,1,955,,0,,0,,,,
explorer_3,89,32,clear,1,954,,0,,0,,,,
explorer_3,90,31,clear,0,955,,0,,0,,,,
explorer_3,89,33,clear,1,946,,0,,0,,,,
explorer_3,91,30,clear,1,1028,,0,,0,,,,
explorer_3,92,30,clear,1,1028,,0,,0,,,,
explorer_3,90,30,clear,1,1028,,0,,0,,,,
explorer_3,93,30,clear,1,1019,,0,,0,,,,
explorer_3,92,29,clear,1,1028,,0,,0,,,,
explorer_3,93,29,clear,1,1028,,0,,0,,,,
explorer_3,91,29,clear,1,1028,,0,,0,,,,
explorer_3,90,29,clear,1,1028,,0,,0,,,,
explorer_3,90,28,clear,1,1028,,0,,0,,,,
explorer_3,91,28,clear,1,1028,,0,,0,,,,
explorer_3,89,28,clear,1,1004,,0,,0,,,,
explorer_3,90,27,clear,1,1028,,0,,0,,,,
explorer_3,91,27,clear,1,1028,,0,,0,,,,
explorer_3,89,27,clear,1,1004,,1,299,1,1004,,,
explorer_3,88,27,clear,1,1007,,0,,0,,,,
explorer_3,87,27,clear,1,1007,,0,,0,,,,
explorer_3,88,26,clear,1,1007,,0,,0,,,,
explorer_3,89,26,clear,1,1007,,0,,0,,,,
explorer_3,87,26,clear,1,1007,,0,,0,,,,
explorer_3,89,25,clear,1,1007,,0,,0,,,,
explorer_3,90,25,clear,1,1028,,0,,0,,,,
explorer_3,90,26,clear,1,1028,,0,,0,,,,
explorer_3,88,25,clear,1,1007,,0,,0,,,,
explorer_3,91,26,clear,1,1028,,0,,0,,,,
explorer_3,91,25,clear,1,1028,,0,,0,,,,
explorer_3,89,24,clear,1,1007,,0,,0,,,,
explorer_3,90,24,clear,1,1028,,0,,0,,,,
explorer_3,88,24,clear,1,1007,,0,,0,,,,
explorer_3,90,23,clear,1,1028,,0,,0,,,,
explorer_3,91,23,clear,1,1028,,0,,0,,,,
explorer_3,91,24,clear,1,1028,,0,,0,,,,
explorer_3,89,23,clear,1,1007,,0,,0,,,,
explorer_3,91,22,clear,1,1030,,0,,0,,,,
explorer_3,92,22,clear,1,1029,,0,,0,,,,
explorer_3,92,23,clear,1,1028,,0,,0,,,,
explorer_3,92,24,clear,1,1028,,0,,0,,,,
explorer_3,90,22,wall,0,1499,,0,,0,,,,
explorer_3,92,21,clear,1,1029,,0,,0,,,,
explorer_3,93,21,clear,1,1027,,0,,0,,,,
explorer_3,93,22,clear,1,1028,,0,,0,,,,
explorer_3,93,23,clear,1,1028,,0,,0,,,,
explorer_3,91,21,clear,1,1030,,0,,0,,,,
explorer_3,93,20,clear,0,970,,0,,0,,,,
explorer_3,92,20,clear,0,1029,,0,,0,,,,
explorer_3,91,20,clear,0,1030,,0,,0,,,,
explorer_3,90,21,clear,1,1031,,0,,0,,,,
explorer_3,93,24,clear,1,1028,,0,,0,,,,
explorer_3,92,25,clear,1,1028,,0,,0,,,,
explorer_3,92,26,clear,1,1028,,0,,0,,,,
explorer_3,92,27,clear,1,1028,,0,,0,,,,
explorer_3,88,23,clear,1,1007,,0,,0,,,,
explorer_3,89,22,wall,0,1499,,0,,0,,,,
explorer_3,88,22,wall,0,1499,,0,,0,,,,
explorer_3,87,24,clear,1,1007,,0,,0,,,,
explorer_3,87,23,clear,1,1007,,0,,0,,,,
explorer_3,87,22,wall,0,1499,,0,,0,,,,
explorer_3,87,25,clear,1,1007,,0,,0,,,,
explorer_3,86,25,clear,1,1007,,0,,0,,,,
explorer_3,86,24,clear,1,1007,,0,,0,,,,
explorer_3,86,23,clear,1,1007,,0,,0,,,,
explorer_3,86,22,clear,1,1007,,0,,0,,,,
explorer_3,86,21,clear,1,1007,,0,,0,,,,
explorer_3,85,21,wall,0,1499,,0,,0,,,,
explorer_3,87,21,wall,0,1499,,0,,0,,,,
explorer_3,85,23,wall,0,1499,,0,,0,,,,
explorer_3,85,22,wall,0,1499,,0,,0,,,,
explorer_3,86,20,clear,1,995,,0,,0,,,,
explorer_3,85,20,wall,0,1499,,0,,0,,,,
explorer_3,87,20,wall,0,1499,,0,,0,,,,
explorer_3,86,19,clear,1,995,,0,,0,,,,
explorer_3,87,19,wall,0,1499,,0,,0,,,,
explorer_3,85,19,wall,0,1499,,0,,0,,,,
explorer_3,86,18,clear,1,995,,0,,0,,,,
explorer_3,85,18,wall,0,1499,,0,,0,,,,
explorer_3,87,18,wall,0,1499,,0,,0,,,,
explorer_3,86,17,clear,1,995,,0,,0,,,,
explorer_3,85,17,wall,0,1499,,0,,0,,,,
explorer_3,87,17,wall,0,1499,,0,,0,,,,
explorer_3,86,16,clear,1,995,,0,,0,,,,
explorer_3,87,16,wall,0,1499,,0,,0,,,,
explorer_3,85,16,wall,0,1499,,0,,0,,,,
explorer_3,86,15,clear,1,995,,0,,0,,,,
explorer_3,85,15,wall,0,1499,,0,,0,,,,
explorer_3,87,15,wall,0,1499,,0,,0,,,,
explorer_3,86,14,clear,1,995,,1,291,1,995,,,
explorer_3,85,14,wall,0,1499,,0,,0,,,,
explorer_3,87,14,wall,0,1499,,0,,0,,,,
explorer_3,86,13,clear,1,995,,1,289,1,995,,,
explorer_3,85,13,wall,0,1499,,0,,0,,,,
explorer_3,87,13,wall,0,1499,,0,,0,,,,
explorer_3,86,12,clear,1,995,,0,,0,,,,
explorer_3,85,12,wall,0,1499,,0,,0,,,,
explorer_3,87,12,wall,0,1499,,0,,0,,,,
explorer_3,85,11,wall,0,1499,,0,,0,,,,
explorer_3,87,11,wall,0,1499,,0,,0,,,,
explorer_3,86,11,wall,0,1499,,0,,0,,,,
explorer_3,85,24,wall,0,1499,,0,,0,,,,
explorer_3,85,25,wall,0,1499,,0,,0,,,,
explorer_3,86,26,clear,1,1007,,0,,0,,,,
explorer_3,85,26,wall,0,1499,,0,,0,,,,
explorer_3,86,27,clear,1,1007,,0,,0,,,,
explorer_3,85,27,wall,0,1499,,0,,0,,,,
explorer_3,93,26,clear,1,1028,,0,,0,,,,
explorer_3,93,27,clear,1,1028,,0,,0,,,,
explorer_3,93,28,clear,1,1028,,0,,0,,,,
explorer_3,92,28,clear,1,1028,,1,304,1,1028,,,
explorer_3,93,25,clear,1,1028,,0,,0,,,,
explorer_3,90,20,clear,0,1031,,0,,0,,,,
explorer_3,89,21,clear,0,1032,,0,,0,,,,
explorer_3,89,20,clear,1,1033,,0,,0,,,,
explorer_3,89,19,clear,0,1036,,0,,0,,,,
explorer_3,90,19,clear,0,1034,,0,,0,,,,
explorer_3,88,21,clear,0,1032,,0,,0,,,,
explorer_3,88,20,clear,1,1033,,0,,0,,,,
explorer_3,88,19,clear,1,1036,,0,,0,,,,
explorer_3,88,18,clear,1,1037,,0,,0,,,,
explorer_3,89,18,clear,1,1037,,0,,0,,,,
explorer_3,89,17,clear,1,1038,,0,,0,,,,
explorer_3,90,17,clear,0,1037,,0,,0,,,,
explorer_3,90,18,clear,0,1037,,0,,0,,,,
explorer_3,88,17,clear,1,1038,,0,,0,,,,
explorer_3,88,16,clear,1,1041,,0,,0,,,,
explorer_3,89,16,clear,0,1041,,0,,0,,,,
explorer_3,90,16,clear,0,1039,,0,,0,,,,
explorer_3,88,15,clear,1,1042,,0,,0,,,,
explorer_3,89,15,clear,1,1042,,0,,0,,,,
explorer_3,89,14,clear,1,1107,,0,,0,,,,
explorer_3,90,14,clear,0,1052,,0,,0,,,,
explorer_3,90,15,clear,0,1042,,0,,0,,,,
explorer_3,88,14,clear,1,1107,,0,,0,,,,
explorer_3,88,13,clear,1,1108,,0,,0,,,,
explorer_3,89,13,clear,1,1108,,0,,0,,,,
explorer_3,90,13,clear,1,1108,,0,,0,,,,
explorer_3,89,12,clear,1,1108,,1,298,1,1108,,,
explorer_3,90,12,clear,1,1108,,1,300,1,1051,,,
explorer_3,88,12,clear,1,1108,,0,,0,,,,
explorer_3,91,12,clear,1,1108,,0,,0,,,,
explorer_3,91,13,clear,1,1054,,0,,0,,,,
explorer_3,91,14,clear,0,1054,,0,,0,,,,
explorer_3,91,11,clear,1,1108,,0,,0,,,,
explorer_3,92,11,clear,1,1058,,1,303,1,1047,,,
explorer_3,92,12,clear,1,1056,,0,,0,,,,
explorer_3,92,13,clear,1,1055,,0,,0,,,,
explorer_3,90,11,clear,1,1108,,0,,0,,,,
explorer_3,91,10,clear,1,1108,,0,,0,,,,
explorer_3,92,10,clear,1,1062,,0,,0,,,,
explorer_3,90,10,clear,1,1111,,0,,0,,,,
explorer_3,93,10,clear,1,1062,,0,,0,,,,
explorer_3,93,11,clear,1,1058,,0,,0,,,,
explorer_3,93,12,clear,1,1056,,0,,0,,,,
explorer_3,91,9,clear,1,1114,,0,,0,,,,
explorer_3,92,9,clear,1,1147,,0,,0,,,,
explorer_3,90,9,clear,0,1114,,0,,0,,,,
explorer_3,89,11,clear,1,1108,,0,,0,,,,
explorer_3,89,10,clear,1,1111,,0,,0,,,,
explorer_3,89,9,clear,1,1128,,0,,0,,,,
explorer_3,88,11,clear,1,1109,,0,,0,,,,
explorer_3,88,10,clear,1,1111,,0,,0,,,,
explorer_3,92,14,clear,0,1054,,0,,0,,,,
explorer_3,93,13,clear,0,1055,,0,,0,,,,
explorer_3,93,14,clear,0,1054,,0,,0,,,,
explorer_3,93,9,clear,1,1147,,0,,0,,,,
explorer_3,93,8,clear,1,1147,,0,,0,,,,
explorer_3,92,8,clear,1,1147,,0,,0,,,,
explorer_3,92,7,clear,1,1147,,0,,0,,,,
explorer_3,93,7,clear,1,1147,,0,,0,,,,
explorer_3,91,8,clear,1,1115,,0,,0,,,,
explorer_3,91,7,clear,1,1128,,0,,0,,,,
explorer_3,90,8,clear,1,1128,,0,,0,,,,
explorer_3,90,7,clear,1,1128,,0,,0,,,,
explorer_3,92,6,clear,1,1147,,0,,0,,,,
explorer_3,93,6,clear,1,1147,,0,,0,,,,
explorer_3,91,6,clear,1,1128,,0,,0,,,,
explorer_3,92,5,clear,1,1163,,0,,0,,,,
explorer_3,93,5,clear,1,1163,,0,,0,,,,
explorer_3,91,5,clear,1,1163,,0,,0,,,,
explorer_3,91,4,clear,1,1163,,0,,0,,,,
explorer_3,92,4,clear,1,1163,,0,,0,,,,
explorer_3,90,6,clear,1,1128,,0,,0,,,,
explorer_3,90,5,clear,1,1128,,0,,0,,,,
explorer_3,90,4,clear,1,1163,,0,,0,,,,
explorer_3,90,3,clear,1,1163,,0,,0,,,,
explorer_3,91,3,clear,1,1163,,0,,0,,,,
explorer_3,89,5,clear,1,1157,,0,,0,,,,
explorer_3,89,4,clear,1,1159,,0,,0,,,,
explorer_3,89,3,clear,1,1163,,0,,0,,,,
explorer_3,88,5,clear,1,1157,,0,,0,,,,
explorer_3,88,4,clear,1,1159,,0,,0,,,,
explorer_3,88,3,clear,1,1159,,0,,0,,,,
explorer_3,89,6,clear,1,1128,,0,,0,,,,
explorer_3,88,6,clear,1,1129,,0,,0,,,,
explorer_3,87,6,clear,1,1129,,0,,0,,,,
explorer_3,87,5,clear,1,1157,,0,,0,,,,
explorer_3,87,4,clear,1,1157,,0,,0,,,,
explorer_3,88,7,clear,1,1128,,0,,0,,,,
explorer_3,87,7,clear,1,1128,,0,,0,,,,
explorer_3,86,7,clear,1,1259,,0,,0,,,,
explorer_3,86,6,clear,1,1259,,0,,0,,,,
explorer_3,86,5,clear,1,1259,,0,,0,,,,
explorer_3,85,7,clear,1,1259,,0,,0,,,,
explorer_3,85,6,clear,1,1259,,0,,0,,,,
explorer_3,85,5,clear,1,1260,,0,,0,,,,
explorer_3,86,8,clear,1,1101,,0,,0,,,,
explorer_3,85,8,clear,0,1098,,0,,0,,,,
explorer_3,84,8,clear,1,1096,,1,290,1,1094,,,
explorer_3,84,7,clear,1,1259,,0,,0,,,,
explorer_3,84,6,clear,1,1259,,0,,0,,,,
explorer_3,84,5,clear,1,1260,,0,,0,,,,
explorer_3,83,7,clear,1,1256,,0,,0,,,,
explorer_3,83,6,clear,1,1259,,0,,0,,,,
explorer_3,83,5,clear,1,1266,,0,,0,,,,
explorer_3,85,4,clear,1,1260,,0,,0,,,,
explorer_3,86,4,clear,0,1131,,0,,0,,,,
explorer_3,84,4,clear,1,1261,,0,,0,,,,
explorer_3,85,3,clear,1,1260,,0,,0,,,,
explorer_3,86,3,clear,1,1132,,0,,0,,,,
explorer_3,84,3,clear,1,1268,,0,,0,,,,
explorer_3,86,2,clear,1,1165,,0,,0,,,,
explorer_3,87,2,clear,1,1165,,0,,0,,,,
explorer_3,87,3,clear,1,1159,,0,,0,,,,
explorer_3,85,2,clear,1,1268,,0,,0,,,,
explorer_3,86,1,clear,1,1166,,0,,0,,,,
explorer_3,87,1,clear,1,1165,,0,,0,,,,
explorer_3,85,1,clear,1,1268,,0,,0,,,,
explorer_3,85,0,clear,1,1268,,0,,0,,,,
explorer_3,86,0,clear,1,1166,,0,,0,,,,
explorer_3,84,2,clear,1,1268,,0,,0,,,,
explorer_3,84,1,clear,1,1268,,0,,0,,,,
explorer_3,84,0,clear,1,1268,,0,,0,,,,
explorer_3,83,3,clear,1,1268,,0,,0,,,,
explorer_3,83,2,clear,1,1268,,0,,0,,,,
explorer_3,83,1,clear,1,1268,,0,,0,,,,
explorer_3,83,4,clear,1,1266,,0,,0,,,,
explorer_3,82,5,clear,1,1266,,0,,0,,,,
explorer_3,82,4,clear,1,1266,,0,,0,,,,
explorer_3,82,3,clear,1,1268,,0,,0,,,,
explorer_3,82,6,clear,1,1257,,0,,0,,,,
explorer_3,81,6,clear,1,1282,,0,,0,,,,
explorer_3,81,5,clear,1,1282,,0,,0,,,,
explorer_3,81,4,clear,1,1282,,0,,0,,,,
explorer_3,80,6,clear,1,1282,,0,,0,,,,
explorer_3,80,5,clear,1,1282,,0,,0,,,,
explorer_3,80,4,clear,1,1282,,0,,0,,,,
explorer_3,82,7,clear,1,1256,,0,,0,,,,
explorer_3,81,7,clear,1,1282,,0,,0,,,,
explorer_3,80,7,clear,1,1282,,0,,0,,,,
explorer_3,83,8,clear,1,1297,,0,,0,,,,
explorer_3,82,8,clear,1,1297,,0,,0,,,,
explorer_3,83,9,clear,1,1297,,0,,0,,,,
explorer_3,82,9,clear,1,1297,,0,,0,,,,
explorer_3,81,9,clear,1,1297,,0,,0,,,,
explorer_3,81,8,clear,1,1297,,0,,0,,,,
explorer_3,84,9,clear,1,1096,,0,,0,,,,
explorer_3,82,10,wall,0,1499,,0,,0,,,,
explorer_3,84,10,wall,0,1499,,0,,0,,,,
explorer_3,83,10,wall,0,1499,,0,,0,,,,
explorer_3,85,9,clear,1,1097,,0,,0,,,,
explorer_3,85,10,wall,0,1499,,0,,0,,,,
explorer_3,86,9,clear,0,1109,,0,,0,,,,
explorer_3,86,10,clear,0,1109,,0,,0,,,,
explorer_3,87,8,clear,1,1128,,0,,0,,,,
explorer_3,87,9,clear,1,1128,,0,,0,,,,
explorer_3,88,8,clear,1,1128,,0,,0,,,,
explorer_3,88,9,clear,1,1128,,0,,0,,,,
explorer_3,87,10,clear,1,1110,,0,,0,,,,
explorer_3,89,8,clear,1,1128,,0,,0,,,,
explorer_3,89,7,clear,1,1128,,0,,0,,,,
explorer_3,93,4,clear,1,1163,,0,,0,,,,
explorer_3,93,3,clear,1,1163,,0,,0,,,,
explorer_3,92,3,clear,1,1163,,0,,0,,,,
explorer_3,92,2,clear,1,1163,,0,,0,,,,
explorer_3,93,2,clear,1,1163,,0,,0,,,,
explorer_3,91,2,clear,1,1163,,0,,0,,,,
explorer_3,88,2,clear,1,1163,,0,,0,,,,
explorer_3,88,1,clear,1,1163,,0,,0,,,,
explorer_3,87,0,clear,1,1165,,0,,0,,,,
explorer_3,88,0,clear,1,1163,,0,,0,,,,
explorer_3,89,0,clear,1,1163,,0,,0,,,,
explorer_3,89,1,clear,1,1163,,0,,0,,,,
explorer_3,89,2,clear,1,1163,,0,,0,,,,
explorer_3,90,0,clear,1,1163,,0,,0,,,,
explorer_3,90,1,clear,1,1163,,0,,0,,,,
explorer_3,91,0,clear,1,1163,,0,,0,,,,
explorer_3,91,1,clear,1,1163,,0,,0,,,,
explorer_3,90,2,clear,1,1163,,0,,0,,,,
explorer_3,92,0,clear,1,1163,,0,,0,,,,
explorer_3,92,1,clear,1,1163,,0,,0,,,,
explorer_3,93,0,clear,1,1163,,0,,0,,,,
explorer_3,93,1,clear,1,1163,,0,,0,,,,
explorer_3,83,0,clear,1,1268,,0,,0,,,,
explorer_3,82,2,clear,1,1268,,0,,0,,,,
explorer_3,82,1,clear,1,1269,,0,,0,,,,
explorer_3,82,0,clear,1,1269,,0,,0,,,,
explorer_3,81,1,clear,1,1270,,0,,0,,,,
explorer_3,81,0,clear,1,1270,,0,,0,,,,
explorer_3,81,2,clear,1,1270,,0,,0,,,,
explorer_3,80,2,clear,1,1277,,0,,0,,,,
explorer_3,80,1,clear,1,1271,,0,,0,,,,
explorer_3,80,0,clear,0,1270,,0,,0,,,,
explorer_3,81,3,clear,1,1278,,0,,0,,,,
explorer_3,80,3,clear,1,1282,,0,,0,,,,
explorer_3,79,4,clear,1,1282,,0,,0,,,,
explorer_3,79,3,clear,1,1282,,0,,0,,,,
explorer_3,79,2,clear,1,1277,,0,,0,,,,
explorer_3,79,1,clear,1,1273,,0,,0,,,,
explorer_3,79,0,clear,1,1273,,0,,0,,,,
explorer_3,78,2,clear,1,1277,,0,,0,,,,
explorer_3,78,1,clear,1,1274,,0,,0,,,,
explorer_3,78,0,clear,1,1273,,0,,0,,,,
explorer_3,77,1,clear,1,1274,,0,,0,,,,
explorer_3,77,0,clear,0,1273,,0,,0,,,,
explorer_3,77,2,clear,1,1276,,0,,0,,,,
explorer_3,76,2,clear,1,1275,,0,,0,,,,
explorer_3,76,1,clear,1,1274,,0,,0,,,,
explorer_3,76,0,clear,1,1236,,0,,0,,,,
explorer_3,75,1,clear,1,1236,,0,,0,,,,
explorer_3,75,0,clear,1,1236,,0,,0,,,,
explorer_3,75,2,clear,1,1236,,0,,0,,,,
explorer_3,77,3,clear,1,1276,,0,,0,,,,
explorer_3,76,3,clear,1,1275,,0,,0,,,,
explorer_3,75,3,clear,1,1241,,0,,0,,,,
explorer_3,77,4,clear,1,1276,,0,,0,,,,
explorer_3,76,4,clear,1,1275,,0,,0,,,,
explorer_3,75,4,clear,1,1307,,0,,0,,,,
explorer_3,74,4,clear,1,1308,,0,,0,,,,
explorer_3,74,3,clear,1,1308,,0,,0,,,,
explorer_3,74,2,clear,1,1237,,0,,0,,,,
explorer_3,73,4,clear,1,1317,,0,,0,,,,
explorer_3,73,3,clear,1,1317,,0,,0,,,,
explorer_3,73,2,clear,1,1237,,0,,0,,,,
explorer_3,73,1,clear,1,1236,,0,,0,,,,
explorer_3,74,1,clear,1,1236,,0,,0,,,,
explorer_3,72,3,clear,1,1317,,0,,0,,,,
explorer_3,72,2,clear,1,1237,,0,,0,,,,
explorer_3,72,1,clear,1,1236,,0,,0,,,,
explorer_3,72,4,clear,1,1317,,0,,0,,,,
explorer_3,71,4,clear,1,1317,,0,,0,,,,
explorer_3,71,3,clear,1,1448,,0,,0,,,,
explorer_3,71,2,clear,1,1448,,0,,0,,,,
explorer_3,72,5,clear,1,1317,,0,,0,,,,
explorer_3,71,5,clear,1,1317,,0,,0,,,,
explorer_3,70,5,clear,1,1317,,0,,0,,,,
explorer_3,70,4,clear,1,1317,,0,,0,,,,
explorer_3,70,3,clear,1,1448,,0,,0,,,,
explorer_3,71,6,clear,1,1318,,0,,0,,,,
explorer_3,70,6,clear,1,1318,,0,,0,,,,
explorer_3,69,6,clear,1,1318,,0,,0,,,,
explorer_3,69,5,clear,1,1316,,0,,0,,,,
explorer_3,69,4,clear,1,1316,,0,,0,,,,
explorer_3,71,7,clear,1,1318,,0,,0,,,,
explorer_3,70,7,clear,1,1319,,0,,0,,,,
explorer_3,69,7,clear,1,1320,,0,,0,,,,
explorer_3,72,6,clear,1,1317,,0,,0,,,,
explorer_3,72,7,clear,1,1317,,0,,0,,,,
explorer_3,72,8,clear,1,1314,,0,,0,,,,
explorer_3,71,8,clear,1,1318,,0,,0,,,,
explorer_3,70,8,clear,1,1321,,0,,0,,,,
explorer_3,73,7,clear,1,1317,,0,,0,,,,
explorer_3,73,8,clear,1,1314,,0,,0,,,,
explorer_3,73,9,clear,0,1302,,0,,0,,,,
explorer_3,72,9,clear,1,1302,,0,,0,,,,
explorer_3,71,9,clear,1,1197,,0,,0,,,,
explorer_3,73,10,wall,0,1499,,0,,0,,,,
explorer_3,71,10,wall,0,1499,,0,,0,,,,
explorer_3,72,10,wall,0,1499,,0,,0,,,,
explorer_3,70,9,clear,1,1321,,1,256,1,1196,,,
explorer_3,70,10,wall,0,1499,,0,,0,,,,
explorer_3,69,9,clear,1,1322,,0,,0,,,,
explorer_3,69,8,clear,1,1322,,1,252,1,1319,,,
explorer_3,69,10,wall,0,1499,,0,,0,,,,
explorer_3,68,8,clear,1,1323,,0,,0,,,,
explorer_3,68,7,clear,1,1323,,0,,0,,,,
explorer_3,68,6,clear,1,1214,,0,,0,,,,
explorer_3,67,8,clear,1,1325,,0,,0,,,,
explorer_3,67,7,clear,1,1325,,0,,0,,,,
explorer_3,67,6,clear,1,1324,,0,,0,,,,
explorer_3,67,5,clear,1,1213,,0,,0,,,,
explorer_3,68,5,clear,1,1215,,0,,0,,,,
explorer_3,66,7,clear,1,1326,,0,,0,,,,
explorer_3,66,6,clear,1,1326,,0,,0,,,,
explorer_3,66,5,clear,1,1432,,0,,0,,,,
explorer_3,66,8,clear,1,1326,,0,,0,,,,
explorer_3,65,7,clear,1,1456,,0,,0,,,,
explorer_3,65,6,clear,1,1330,,0,,0,,,,
explorer_3,65,5,clear,1,1432,,0,,0,,,,
explorer_3,64,7,clear,1,1456,,0,,0,,,,
explorer_3,64,6,clear,0,1455,,0,,0,,,,
explorer_3,64,5,clear,1,1448,,1,243,1,1330,,,
explorer_3,65,4,clear,1,1448,,0,,0,,,,
explorer_3,66,4,clear,1,1448,,0,,0,,,,
explorer_3,64,4,clear,1,1448,,0,,0,,,,
explorer_3,66,3,clear,1,1448,,0,,0,,,,
explorer_3,67,3,clear,1,1448,,0,,0,,,,
explorer_3,67,4,clear,1,1448,,0,,0,,,,
explorer_3,65,3,clear,1,1448,,0,,0,,,,
explorer_3,68,3,clear,1,1448,,0,,0,,,,
explorer_3,68,4,clear,1,1217,,0,,0,,,,
explorer_3,67,2,clear,1,1448,,0,,0,,,,
explorer_3,68,2,clear,1,1448,,0,,0,,,,
explorer_3,66,2,clear,1,1448,,0,,0,,,,
explorer_3,69,3,clear,1,1448,,0,,0,,,,
explorer_3,69,2,clear,1,1448,,0,,0,,,,
explorer_3,70,2,clear,1,1448,,0,,0,,,,
explorer_3,69,1,clear,1,1448,,0,,0,,,,
explorer_3,70,1,clear,1,1448,,0,,0,,,,
explorer_3,68,1,clear,1,1448,,0,,0,,,,
explorer_3,69,0,clear,1,1448,,0,,0,,,,
explorer_3,70,0,clear,1,1448,,0,,0,,,,
explorer_3,68,0,clear,1,1448,,0,,0,,,,
explorer_3,71,0,clear,1,1448,,0,,0,,,,
explorer_3,71,1,clear,1,1448,,0,,0,,,,
explorer_3,72,0,clear,1,1236,,0,,0,,,,
explorer_3,73,0,clear,1,1236,,0,,0,,,,
explorer_3,74,0,clear,1,1236,,0,,0,,,,
explorer_3,75,5,clear,1,1307,,0,,0,,,,
explorer_3,74,5,clear,1,1314,,0,,0,,,,
explorer_3,73,5,clear,1,1317,,0,,0,,,,
explorer_3,76,5,clear,1,1304,,0,,0,,,,
explorer_3,76,6,clear,1,1304,,0,,0,,,,
explorer_3,75,6,clear,1,1307,,0,,0,,,,
explorer_3,74,6,clear,1,1314,,0,,0,,,,
explorer_3,77,5,clear,0,1286,,0,,0,,,,
explorer_3,77,6,clear,1,1286,,0,,0,,,,
explorer_3,78,3,clear,1,1282,,0,,0,,,,
explorer_3,78,4,clear,1,1282,,0,,0,,,,
explorer_3,78,5,clear,1,1283,,0,,0,,,,
explorer_3,79,5,clear,1,1283,,0,,0,,,,
explorer_3,79,6,clear,1,1283,,0,,0,,,,
explorer_3,78,6,clear,1,1284,,0,,0,,,,
explorer_3,78,7,clear,1,1299,,0,,0,,,,
explorer_3,77,7,clear,1,1299,,0,,0,,,,
explorer_3,76,7,clear,1,1304,,0,,0,,,,
explorer_3,79,7,clear,1,1299,,0,,0,,,,
explorer_3,79,8,clear,1,1299,,0,,0,,,,
explorer_3,78,8,clear,1,1299,,0,,0,,,,
explorer_3,77,8,clear,1,1299,,0,,0,,,,
explorer_3,80,8,clear,1,1299,,0,,0,,,,
explorer_3,80,9,clear,1,1299,,0,,0,,,,
explorer_3,79,9,clear,1,1299,,0,,0,,,,
explorer_3,78,9,clear,1,1299,,0,,0,,,,
explorer_3,76,8,clear,1,1300,,0,,0,,,,
explorer_3,75,8,clear,1,1303,,0,,0,,,,
explorer_3,75,7,clear,1,1305,,0,,0,,,,
explorer_3,74,8,clear,1,1314,,0,,0,,,,
explorer_3,74,7,clear,1,1314,,0,,0,,,,
explorer_3,75,9,clear,1,1301,,0,,0,,,,
explorer_3,74,9,clear,1,1302,,0,,0,,,,
explorer_3,76,9,clear,1,1300,,0,,0,,,,
explorer_3,77,9,clear,1,1299,,0,,0,,,,
explorer_3,75,10,wall,0,1499,,0,,0,,,,
explorer_3,76,10,wall,0,1499,,0,,0,,,,
explorer_3,77,10,wall,0,1499,,0,,0,,,,
explorer_3,78,10,wall,0,1499,,0,,0,,,,
explorer_3,79,10,wall,0,1499,,0,,0,,,,
explorer_3,80,10,wall,0,1499,,0,,0,,,,
explorer_3,81,10,wall,0,1499,,0,,0,,,,
explorer_3,74,10,wall,0,1499,,0,,0,,,,
explorer_3,73,6,clear,1,1317,,0,,0,,,,
explorer_3,68,9,clear,1,1323,,0,,0,,,,
explorer_3,67,9,clear,0,1325,,0,,0,,,,
explorer_3,68,10,wall,0,1499,,0,,0,,,,
explorer_3,67,10,wall,0,1499,,0,,0,,,,
explorer_3,66,9,clear,0,1325,,0,,0,,,,
explorer_3,65,8,clear,0,1456,,0,,0,,,,
explorer_3,65,9,clear,0,1456,,0,,0,,,,
explorer_3,64,8,clear,1,1457,,0,,0,,,,
explorer_3,63,8,clear,1,1459,,0,,0,,,,
explorer_3,63,7,clear,1,1458,,0,,0,,,,
explorer_3,63,6,clear,1,1455,,1,242,1,1328,,,
explorer_3,63,5,clear,1,1452,,0,,0,,,,
explorer_3,62,7,clear,1,1462,,0,,0,,,,
explorer_3,62,6,clear,1,1462,,0,,0,,,,
explorer_3,62,5,clear,1,1452,,0,,0,,,,
explorer_3,63,4,clear,1,1449,,1,241,1,1448,,,
explorer_3,62,4,clear,1,1451,,0,,0,,,,
explorer_3,64,3,clear,1,1448,,0,,0,,,,
explorer_3,63,3,clear,1,1448,,0,,0,,,,
explorer_3,65,2,clear,1,1448,,0,,0,,,,
explorer_3,64,2,clear,1,1448,,0,,0,,,,
explorer_3,64,1,clear,1,1448,,0,,0,,,,
explorer_3,65,1,clear,1,1448,,0,,0,,,,
explorer_3,63,2,clear,1,1448,,1,240,1,1337,,,
explorer_3,63,1,clear,1,1439,,0,,0,,,,
explorer_3,63,0,clear,1,1439,,0,,0,,,,
explorer_3,64,0,clear,1,1448,,0,,0,,,,
explorer_3,62,2,clear,1,1448,,0,,0,,,,
explorer_3,62,1,clear,1,1424,,0,,0,,,,
explorer_3,62,0,clear,1,1423,,0,,0,,,,
explorer_3,61,2,clear,1,1425,,1,237,1,1424,,,
explorer_3,61,1,clear,1,1424,,1,236,1,1423,,,
explorer_3,61,0,clear,1,1423,,0,,0,,,,
explorer_3,62,3,clear,1,1448,,0,,0,,,,
explorer_3,61,3,clear,1,1426,,1,238,1,1339,,,
explorer_3,61,4,clear,0,1451,,0,,0,,,,
explorer_3,60,4,clear,1,1451,,1,234,1,1340,,,
explorer_3,60,3,clear,1,1494,,0,,0,,,,
explorer_3,60,2,clear,1,1494,,1,233,1,1413,,,
explorer_3,61,5,clear,1,1452,,0,,0,,,,
explorer_3,60,5,clear,1,1451,,1,235,1,1342,,,
explorer_3,59,5,clear,1,1498,,0,,0,,,,
explorer_3,59,4,clear,1,1495,,0,,0,,,,
explorer_3,59,3,clear,1,1494,,0,,0,,,,
explorer_3,60,6,clear,0,1499,,0,,0,,,,
explorer_3,59,6,clear,1,1499,,1,231,1,1343,,,
explorer_3,58,6,clear,1,1499,,0,,0,,,,
explorer_3,58,5,clear,1,1499,,0,,0,,,,
explorer_3,58,4,clear,1,1495,,0,,0,,,,
explorer_3,61,6,clear,1,1462,,0,,0,,,,
explorer_3,60,7,clear,1,1499,,0,,0,,,,
explorer_3,59,7,clear,1,1499,,0,,0,,,,
explorer_3,58,7,clear,1,1499,,0,,0,,,,
explorer_3,59,8,clear,1,1499,,0,,0,,,,
explorer_3,58,8,clear,1,1499,,0,,0,,,,
explorer_3,57,8,clear,1,1497,,0,,0,,,,
explorer_3,57,7,clear,1,1499,,0,,0,,,,
explorer_3,57,6,clear,1,1499,,0,,0,,,,
explorer_3,60,8,clear,1,1499,,0,,0,,,,
explorer_3,60,9,clear,1,1466,,0,,0,,,,
explorer_3,59,9,clear,1,1467,,0,,0,,,,
explorer_3,58,9,clear,1,1468,,0,,0,,,,
explorer_3,57,9,clear,1,1499,,0,,0,,,,
explorer_3,56,9,clear,1,1471,,0,,0,,,,
explorer_3,56,8,clear,1,1499,,0,,0,,,,
explorer_3,56,10,wall,0,1499,,0,,0,,,,
explorer_3,58,10,wall,0,1499,,0,,0,,,,
explorer_3,57,10,wall,0,1499,,0,,0,,,,
explorer_3,55,9,clear,1,1499,,1,220,1,1499,,,
explorer_3,55,8,clear,1,1499,,0,,0,,,,
explorer_3,55,10,wall,0,1499,,0,,0,,,,
explorer_3,56,7,clear,1,1499,,0,,0,,,,
explorer_3,55,7,clear,1,1489,,0,,0,,,,
explorer_3,55,6,clear,1,1499,,0,,0,,,,
explorer_3,56,6,clear,1,1497,,0,,0,,,,
explorer_3,54,8,clear,1,1478,,0,,0,,,,
explorer_3,54,7,clear,1,1499,,0,,0,,,,
explorer_3,54,6,clear,1,1499,,0,,0,,,,
explorer_3,55,5,clear,1,1499,,0,,0,,,,
explorer_3,56,5,clear,1,1499,,0,,0,,,,
explorer_3,54,5,clear,1,1487,,0,,0,,,,
explorer_3,54,4,clear,1,1487,,0,,0,,,,
explorer_3,55,4,clear,1,1491,,0,,0,,,,
explorer_3,53,6,clear,1,1483,,0,,0,,,,
explorer_3,53,5,clear,1,1485,,0,,0,,,,
explorer_3,53,4,clear,1,1485,,0,,0,,,,
explorer_3,53,3,clear,0,1485,,0,,0,,,,
explorer_3,54,3,clear,0,1487,,0,,0,,,,
explorer_3,52,5,clear,1,1482,,0,,0,,,,
explorer_3,52,4,clear,1,1482,,0,,0,,,,
explorer_3,52,3,clear,1,1401,,0,,0,,,,
explorer_3,51,5,clear,0,1481,,0,,0,,,,
explorer_3,51,4,clear,1,1481,,1,211,1,1355,,,
explorer_3,51,3,clear,1,1400,,0,,0,,,,
explorer_3,50,5,clear,0,1357,,0,,0,,,,
explorer_3,50,4,clear,1,1399,,0,,0,,,,
explorer_3,50,3,clear,1,1399,,0,,0,,,,
explorer_3,49,5,clear,0,1357,,0,,0,,,,
explorer_3,49,4,clear,1,1360,,0,,0,,,,
explorer_3,49,3,clear,1,1395,,0,,0,,,,
explorer_3,48,5,clear,0,1357,,0,,0,,,,
explorer_3,48,4,clear,0,1360,,0,,0,,,,
explorer_3,48,3,clear,0,1395,,0,,0,,,,
explorer_3,50,2,clear,1,1399,,0,,0,,,,
explorer_3,51,2,clear,1,1402,,0,,0,,,,
explorer_3,49,2,clear,1,1396,,1,206,1,1395,,,
explorer_3,50,1,clear,1,1397,,0,,0,,,,
explorer_3,51,1,clear,0,1402,,0,,0,,,,
explorer_3,49,1,clear,0,1396,,0,,0,,,,
explorer_3,48,2,clear,1,1395,,0,,0,,,,
explorer_3,48,1,clear,1,1395,,0,,0,,,,
explorer_3,47,3,clear,0,1393,,0,,0,,,,
explorer_3,47,2,clear,1,1394,,0,,0,,,,
explorer_3,47,1,clear,1,1394,,0,,0,,,,
explorer_3,47,0,clear,0,1394,,0,,0,,,,
explorer_3,48,0,clear,0,1394,,0,,0,,,,
explorer_3,46,2,clear,1,1393,,0,,0,,,,
explorer_3,46,1,clear,1,1393,,0,,0,,,,
explorer_3,46,0,clear,1,1392,,0,,0,,,,
explorer_3,45,1,clear,1,1392,,0,,0,,,,
explorer_3,45,0,clear,1,1392,,0,,0,,,,
explorer_3,44,1,clear,1,1391,,0,,0,,,,
explorer_3,44,0,clear,1,1391,,0,,0,,,,
explorer_3,45,2,clear,1,1392,,0,,0,,,,
explorer_3,44,2,clear,1,1391,,1,100,1,1381,,,
explorer_3,43,2,clear,1,1386,,0,,0,,,,
explorer_3,43,1,clear,1,1391,,0,,0,,,,
explorer_3,43,0,clear,1,1391,,0,,0,,,,
explorer_3,42,1,clear,1,1385,,0,,0,,,,
explorer_3,42,0,clear,1,1380,,0,,0,,,,
explorer_3,42,2,clear,1,1385,,0,,0,,,,
explorer_3,41,2,clear,1,1385,,0,,0,,,,
explorer_3,41,1,clear,1,1385,,0,,0,,,,
explorer_3,41,0,clear,1,1379,,0,,0,,,,
explorer_3,42,3,clear,1,1385,,0,,0,,,,
explorer_3,41,3,clear,1,1385,,0,,0,,,,
explorer_3,40,3,clear,1,1373,,0,,0,,,,
explorer_3,40,2,clear,0,1377,,0,,0,,,,
explorer_3,40,1,clear,1,1378,,0,,0,,,,
explorer_3,40,4,wall,0,1499,,0,,0,,,,
explorer_3,42,4,wall,0,1499,,0,,0,,,,
explorer_3,41,4,wall,0,1499,,0,,0,,,,
explorer_3,39,3,clear,1,1373,,0,,0,,,,
explorer_3,39,2,clear,1,1375,,0,,0,,,,
explorer_3,39,4,wall,0,1499,,0,,0,,,,
explorer_3,38,3,clear,0,1373,,0,,0,,,,
explorer_3,38,2,clear,1,1374,,0,,0,,,,
explorer_3,38,4,wall,0,1499,,0,,0,,,,
explorer_3,38,1,clear,0,1374,,0,,0,,,,
explorer_3,39,1,clear,1,1376,,0,,0,,,,
explorer_3,37,3,clear,0,1372,,0,,0,,,,
explorer_3,37,2,clear,0,1372,,0,,0,,,,
explorer_3,37,1,clear,0,1372,,0,,0,,,,
explorer_3,39,0,clear,0,1376,,0,,0,,,,
explorer_3,40,0,clear,1,1378,,0,,0,,,,
explorer_3,38,0,clear,0,1374,,0,,0,,,,
explorer_3,45,3,clear,1,1389,,0,,0,,,,
explorer_3,44,3,clear,1,1388,,0,,0,,,,
explorer_3,43,3,clear,1,1386,,0,,0,,,,
explorer_3,43,4,wall,0,1499,,0,,0,,,,
explorer_3,44,4,wall,0,1499,,0,,0,,,,
explorer_3,45,4,clear,0,1387,,0,,0,,,,
explorer_3,46,3,clear,0,1393,,0,,0,,,,
explorer_3,46,4,clear,0,1387,,0,,0,,,,
explorer_3,49,0,clear,0,1396,,0,,0,,,,
explorer_3,50,0,clear,0,1396,,0,,0,,,,
explorer_3,51,0,clear,0,1402,,0,,0,,,,
explorer_3,52,1,clear,1,1404,,0,,0,,,,
explorer_3,52,2,clear,1,1404,,0,,0,,,,
explorer_3,53,1,clear,1,1405,,0,,0,,,,
explorer_3,53,2,clear,1,1405,,0,,0,,,,
explorer_3,54,1,clear,0,1406,,0,,0,,,,
explorer_3,54,2,clear,1,1486,,0,,0,,,,
explorer_3,52,0,clear,0,1404,,0,,0,,,,
explorer_3,53,0,clear,1,1404,,0,,0,,,,
explorer_3,54,0,clear,0,1404,,0,,0,,,,
explorer_3,55,1,clear,0,1406,,0,,0,,,,
explorer_3,55,2,clear,1,1486,,0,,0,,,,
explorer_3,55,3,clear,1,1491,,0,,0,,,,
explorer_3,56,1,clear,0,1408,,0,,0,,,,
explorer_3,56,2,clear,0,1486,,0,,0,,,,
explorer_3,56,3,clear,1,1494,,0,,0,,,,
explorer_3,57,2,clear,1,1494,,0,,0,,,,
explorer_3,57,3,clear,1,1494,,0,,0,,,,
explorer_3,57,4,clear,1,1499,,0,,0,,,,
explorer_3,56,4,clear,1,1499,,0,,0,,,,
explorer_3,57,1,clear,0,1417,,0,,0,,,,
explorer_3,58,1,clear,1,1494,,0,,0,,,,
explorer_3,58,2,clear,1,1494,,0,,0,,,,
explorer_3,58,3,clear,1,1494,,0,,0,,,,
explorer_3,57,5,clear,1,1498,,0,,0,,,,
explorer_3,59,2,clear,1,1494,,0,,0,,,,
explorer_3,60,1,clear,1,1494,,1,232,1,1419,,,
explorer_3,59,1,clear,1,1494,,0,,0,,,,
explorer_3,59,0,clear,1,1423,,0,,0,,,,
explorer_3,60,0,clear,1,1423,,0,,0,,,,
explorer_3,58,0,clear,0,1418,,0,,0,,,,
explorer_3,57,0,clear,0,1417,,0,,0,,,,
explorer_3,66,1,clear,1,1448,,0,,0,,,,
explorer_3,67,1,clear,1,1448,,0,,0,,,,
explorer_3,65,0,clear,1,1448,,0,,0,,,,
explorer_3,66,0,clear,1,1448,,0,,0,,,,
explorer_3,67,0,clear,1,1448,,0,,0,,,,
explorer_3,61,7,clear,1,1463,,0,,0,,,,
explorer_3,62,8,clear,1,1464,,0,,0,,,,
explorer_3,61,8,clear,1,1465,,0,,0,,,,
explorer_3,64,9,clear,0,1457,,0,,0,,,,
explorer_3,63,9,clear,1,1459,,0,,0,,,,
explorer_3,62,9,clear,1,1464,,0,,0,,,,
explorer_3,62,10,wall,0,1499,,0,,0,,,,
explorer_3,63,10,wall,0,1499,,0,,0,,,,
explorer_3,64,10,wall,0,1499,,0,,0,,,,
explorer_3,61,9,clear,1,1465,,0,,0,,,,
explorer_3,61,10,wall,0,1499,,0,,0,,,,
explorer_3,60,10,wall,0,1499,,0,,0,,,,
explorer_3,59,10,wall,0,1499,,0,,0,,,,
explorer_3,54,9,clear,1,1499,,0,,0,,,,
explorer_3,54,10,wall,0,1499,,0,,0,,,,
explorer_3,53,9,clear,1,1477,,0,,0,,,,
explorer_3,53,8,clear,1,1499,,1,214,1,1499,,,
explorer_3,53,7,clear,1,1499,,0,,0,,,,
explorer_3,52,8,clear,1,1477,,0,,0,,,,
explorer_3,52,7,clear,1,1480,,1,213,1,1474,,,
explorer_3,52,6,clear,1,1482,,0,,0,,,,
explorer_3,51,8,clear,0,1475,,0,,0,,,,
explorer_3,51,7,clear,0,1480,,0,,0,,,,
explorer_3,51,6,clear,0,1481,,0,,0,,,,
explorer_3,52,9,clear,1,1499,,0,,0,,,,
explorer_3,51,9,clear,0,1475,,0,,0,,,,
explorer_3,52,10,wall,0,1499,,0,,0,,,,
explorer_3,53,10,wall,0,1499,,0,,0,,,,
