x,y,status,floor_factor,victim_present
71,29,clear,,0
90,42,clear,,1
29,32,clear,,0
48,45,clear,,0
40,41,clear,,0
6,48,clear,,0
92,88,wall,,0
50,91,clear,,0
75,35,clear,,0
41,42,clear,,0
33,38,clear,,0
52,51,clear,,0
93,52,clear,,0
25,34,clear,,0
44,47,clear,,0
85,48,clear,,0
10,54,clear,,0
2,50,clear,,0
67,36,clear,,0
86,49,clear,,0
59,32,wall,,0
78,45,clear,,0
89,54,clear,,0
36,48,clear,,0
55,61,clear,,0
47,57,clear,,0
5,60,clear,,0
79,46,clear,,1
30,4,clear,,0
71,42,clear,,0
63,38,clear,,0
82,51,clear,,0
48,58,clear,,0
40,54,clear,,0
6,61,clear,,0
72,6,clear,,0
64,2,clear,,0
22,5,clear,,0
14,1,clear,,0
74,52,clear,,0
93,65,clear,,0
66,48,clear,,0
85,61,clear,,0
32,55,clear,,0
65,3,clear,,0
35,60,clear,,0
68,8,clear,,0
15,2,clear,,0
1,67,clear,,0
26,11,clear,,0
67,49,clear,,0
59,45,clear,,0
18,7,clear,,0
78,58,clear,,0
70,54,clear,,0
36,61,clear,,0
9,44,clear,,0
60,9,clear,,0
5,73,clear,,0
11,4,clear,,0
52,5,clear,,0
44,1,clear,,0
10,8,clear,,0
62,55,clear,,0
81,68,clear,,0
54,51,clear,,0
53,6,clear,,0
39,71,clear,,0
45,2,clear,,0
31,67,clear,,0
3,5,clear,,0
14,14,clear,,0
13,55,clear,,0
32,68,clear,,0
79,0,clear,,0
43,77,clear,,0
16,60,clear,,0
90,9,clear,,0
35,73,clear,,0
82,5,clear,,0
1,80,clear,,0
7,11,clear,,0
48,12,clear,,0
40,8,clear,,0
92,55,clear,,0
6,15,wall,,0
17,61,clear,,0
9,57,clear,,0
77,75,clear,,0
50,58,clear,,0
83,6,clear,,0
75,2,clear,,0
80,80,clear,,0
41,9,clear,,0
27,74,wall,,0
33,5,clear,,0
93,19,clear,,0
25,1,clear,,0
44,14,clear,,0
30,79,clear,,0
10,21,clear,,0
2,17,clear,,0
73,77,clear,,0
34,6,clear,,0
39,84,clear,,0
12,67,clear,,0
67,3,clear,,0
31,80,clear,,0
4,63,clear,,0
37,11,clear,,0
23,76,clear,,0
86,16,clear,,0
70,8,clear,,0
3,18,clear,,0
89,21,clear,,0
55,28,wall,,0
88,62,clear,,0
47,24,clear,,0
13,68,clear,,0
71,9,clear,,0
16,73,clear,,0
90,22,wall,,0
63,5,clear,,0
76,87,clear,,0
29,12,clear,,0
48,25,clear,,0
21,8,clear,,0
40,21,clear,,0
26,86,clear,,0
92,68,clear,,0
42,67,clear,,0
8,74,clear,,0
27,87,clear,,0
0,70,clear,,0
19,83,clear,,0
93,32,clear,,0
11,79,clear,,0
85,28,wall,,0
30,92,clear,,0
32,22,clear,,0
51,35,clear,,0
84,69,clear,,0
35,27,clear,,0
87,74,clear,,0
12,80,clear,,0
86,29,clear,,0
4,76,clear,,1
23,89,clear,,0
56,86,clear,,0
89,34,clear,,0
17,15,clear,,0
9,11,clear,,0
28,24,clear,,0
47,37,clear,,0
88,75,clear,,0
5,40,clear,,0
65,91,clear,,0
38,74,clear,,0
57,87,clear,,0
29,25,clear,,0
73,31,clear,,0
39,38,clear,,0
31,34,clear,,0
91,85,clear,,0
42,80,clear,,0
83,81,clear,,0
74,32,clear,,0
52,93,clear,,0
13,22,clear,,0
85,41,wall,,0
32,35,clear,,0
51,48,clear,,0
24,31,clear,,0
43,44,clear,,0
16,27,clear,,0
84,82,clear,,0
1,47,clear,,0
87,87,clear,,0
34,81,clear,,0
45,90,clear,,0
92,22,clear,,0
37,86,clear,,0
77,42,clear,,0
9,24,clear,,0
28,37,clear,,0
69,38,clear,,0
61,34,wall,,0
80,47,clear,,0
79,88,wall,,0
62,35,wall,,0
81,48,clear,,0
54,31,wall,,0
73,44,clear,,0
20,38,clear,,0
39,51,clear,,1
75,90,clear,,0
88,29,clear,,0
33,93,clear,,0
25,89,clear,,1
65,45,clear,,0
57,41,clear,,0
76,54,clear,,0
68,50,clear,,0
92,35,clear,,0
58,42,clear,,0
77,55,clear,,0
50,38,clear,,0
69,51,clear,,0
42,34,clear,,0
61,47,clear,,0
80,60,clear,,0
8,41,clear,,0
30,59,clear,,0
63,93,clear,,0
51,2,clear,,0
87,41,clear,,0
53,48,clear,,0
4,43,clear,,0
72,61,clear,,0
64,57,clear,,0
56,53,clear,,0
89,1,clear,,0
55,8,clear,,0
88,42,clear,,0
47,4,clear,,0
46,45,clear,,0
5,7,clear,,0
65,58,clear,,0
38,41,clear,,0
49,50,clear,,0
15,57,clear,,0
7,53,clear,,0
81,2,clear,,0
18,62,clear,,0
39,5,clear,,0
31,1,clear,,0
50,51,clear,,0
91,52,clear,,0
42,47,clear,,0
83,48,clear,,0
8,54,clear,,0
0,50,clear,,0
19,63,clear,,0
11,59,clear,,0
52,60,wall,,0
85,8,clear,,0
32,2,clear,,0
84,49,wall,,0
43,11,clear,,0
35,7,clear,,0
87,54,clear,,0
1,14,clear,,0
53,61,clear,,0
72,74,clear,,0
45,57,clear,,0
37,53,clear,,0
3,60,clear,,0
77,9,clear,,0
28,4,clear,,0
69,5,clear,,0
14,69,clear,,0
61,1,clear,,1
46,58,clear,,0
38,54,clear,,0
79,55,clear,,0
90,64,clear,,0
82,60,clear,,0
15,70,clear,,1
62,2,clear,,0
7,66,clear,,0
18,75,clear,,0
20,5,clear,,0
39,18,clear,,0
12,1,clear,,0
91,65,clear,,0
23,10,clear,,0
83,61,clear,,0
75,57,clear,,0
41,64,clear,,0
33,60,clear,,0
13,2,clear,,0
44,69,clear,,0
24,11,clear,,0
10,76,clear,,0
16,7,clear,,0
57,8,clear,,0
2,72,clear,,0
34,61,clear,,0
45,70,clear,,0
86,71,clear,,0
92,2,clear,,0
37,66,clear,,0
78,67,clear,,0
58,9,clear,,0
3,73,clear,,0
89,76,wall,,0
50,5,clear,,0
42,1,clear,,0
8,8,clear,,0
27,21,clear,,1
0,4,clear,,0
79,68,clear,,0
11,13,clear,,0
30,26,clear,,0
63,60,clear,,0
82,73,clear,,0
84,3,clear,,0
29,67,clear,,0
40,76,clear,,0
87,8,clear,,0
6,83,clear,,0
12,14,clear,,0
4,10,clear,,0
23,23,clear,,0
41,77,clear,,0
88,9,clear,,0
33,73,clear,,0
74,74,clear,,0
44,82,clear,,0
85,83,clear,,0
46,12,clear,,0
38,8,clear,,0
51,90,clear,,0
43,86,clear,,0
76,34,clear,,0
49,17,clear,,0
15,24,clear,,0
7,20,clear,,1
26,33,clear,,0
86,84,clear,,0
18,29,clear,,0
78,80,clear,,0
70,76,clear,,0
89,89,clear,,0
17,70,wall,,0
50,18,wall,,0
36,83,clear,,0
91,19,clear,,0
42,14,clear,,0
28,79,clear,,0
47,92,clear,,0
8,21,clear,,0
0,17,clear,,0
19,30,clear,,0
11,26,clear,,0
71,77,clear,,0
29,80,clear,,0
21,76,clear,,0
81,90,clear,,0
87,21,wall,,0
73,86,clear,,0
39,93,clear,,0
45,24,clear,,0
72,41,clear,,0
64,37,wall,,0
56,33,clear,,0
3,27,wall,,0
14,36,clear,,0
74,87,clear,,0
13,77,clear,,0
46,25,clear,,0
32,90,clear,,0
24,86,clear,,0
49,30,clear,,0
90,31,clear,,0
15,37,clear,,0
70,89,clear,,0
17,83,clear,,0
91,32,clear,,0
28,92,clear,,0
69,93,clear,,0
60,44,clear,,0
33,27,clear,,0
25,23,clear,,0
44,36,clear,,0
2,39,clear,,0
62,90,clear,,0
54,86,clear,,0
34,28,clear,,0
45,37,clear,,0
86,38,clear,,0
37,33,clear,,0
3,40,clear,,0
89,43,clear,,0
55,50,clear,,0
79,35,wall,,0
71,31,clear,,0
90,44,clear,,0
29,34,clear,,0
48,47,clear,,0
6,50,clear,,0
50,93,clear,,0
42,89,clear,,0
75,37,clear,,0
41,44,clear,,0
74,41,clear,,0
93,54,clear,,0
25,36,clear,,0
44,49,clear,,0
85,50,clear,,0
10,56,clear,,0
51,57,clear,,0
2,52,clear,,0
76,1,clear,,0
26,0,clear,,1
86,51,clear,,0
59,34,clear,,0
78,47,clear,,0
70,43,wall,,0
89,56,clear,,0
36,50,clear,,0
47,59,clear,,0
27,1,clear,,0
5,62,clear,,0
71,44,clear,,0
30,6,clear,,0
63,40,clear,,0
40,56,clear,,0
81,57,clear,,0
6,63,clear,,0
72,8,clear,,0
64,4,clear,,0
56,0,clear,,0
22,7,clear,,0
14,3,clear,,0
74,54,clear,,0
93,67,clear,,0
66,50,clear,,1
85,63,clear,,0
32,57,clear,,0
57,1,clear,,0
35,62,clear,,0
15,4,clear,,0
1,69,clear,,0
67,51,clear,,0
59,47,clear,,0
18,9,clear,,0
70,56,clear,,0
36,63,clear,,0
9,46,clear,,0
77,64,clear,,0
47,72,clear,,0
80,69,clear,,0
5,75,clear,,0
52,7,clear,,1
44,3,clear,,0
10,10,clear,,0
2,6,clear,,0
62,57,clear,,0
81,70,clear,,0
54,53,clear,,0
87,1,clear,,0
20,60,clear,,0
53,8,clear,,1
39,73,clear,,0
45,4,clear,,0
86,5,clear,,0
31,69,clear,,0
3,7,clear,,0
89,10,clear,,0
22,20,clear,,0
14,16,clear,,0
13,57,clear,,0
32,70,clear,,0
79,2,clear,,0
43,79,clear,,0
16,62,clear,,0
90,11,clear,,0
35,75,clear,,0
76,76,clear,,0
82,7,clear,,0
1,82,clear,,0
29,1,clear,,0
48,14,clear,,0
40,10,clear,,0
92,57,clear,,0
6,17,clear,,0
9,59,clear,,0
77,77,clear,,0
50,60,clear,,0
69,73,clear,,0
83,8,clear,,0
75,4,clear,,0
80,82,clear,,0
27,76,clear,,0
33,7,clear,,0
52,20,wall,,0
93,21,clear,,0
25,3,clear,,0
44,16,clear,,0
85,17,wall,,0
30,81,clear,,0
10,23,clear,,0
51,24,clear,,0
2,19,clear,,0
67,5,clear,,0
12,69,clear,,0
86,18,clear,,0
31,82,clear,,0
4,65,clear,,0
72,83,clear,,0
23,78,clear,,0
59,1,clear,,0
70,10,wall,,0
89,23,clear,,0
55,30,clear,,0
47,26,clear,,0
88,64,clear,,0
16,75,clear,,0
63,7,clear,,0
76,89,clear,,0
68,85,clear,,0
15,79,clear,,0
48,27,clear,,0
21,10,clear,,1
40,23,clear,,0
26,88,clear,,0
18,84,clear,,0
92,70,clear,,0
69,86,clear,,0
42,69,clear,,0
8,76,clear,,0
27,89,clear,,0
0,72,clear,,0
19,85,clear,,0
93,34,clear,,0
85,30,wall,,0
32,24,clear,,0
51,37,clear,,0
24,20,clear,,0
43,33,clear,,0
84,71,clear,,0
35,29,clear,,0
87,76,clear,,0
4,78,clear,,0
64,92,clear,,0
56,88,clear,,0
36,30,clear,,0
9,13,clear,,0
28,26,clear,,0
47,39,clear,,0
88,77,clear,,0
5,42,clear,,0
65,93,clear,,0
38,76,clear,,0
57,89,clear,,0
21,23,clear,,0
54,20,wall,,0
73,33,clear,,0
20,27,clear,,0
39,40,clear,,0
31,36,clear,,0
91,87,clear,,0
23,32,clear,,0
83,83,clear,,0
75,79,clear,,0
41,86,clear,,0
74,34,clear,,0
13,24,clear,,0
44,91,clear,,0
32,37,clear,,0
24,33,clear,,0
43,46,clear,,0
16,29,clear,,0
84,84,clear,,0
76,43,clear,,0
1,49,clear,,0
87,89,clear,,0
34,83,clear,,0
45,92,clear,,0
92,24,clear,,0
37,88,clear,,0
17,30,clear,,0
58,31,wall,,0
77,44,clear,,0
50,27,clear,,0
9,26,clear,,0
61,36,clear,,0
80,49,clear,,0
19,39,wall,,0
71,86,clear,,0
62,37,clear,,0
54,33,wall,,0
73,46,clear,,0
39,53,clear,,0
12,36,clear,,0
72,50,clear,,0
75,92,clear,,0
88,31,clear,,0
25,91,clear,,0
13,37,clear,,0
46,34,clear,,0
65,47,clear,,0
57,43,clear,,0
76,56,clear,,0
49,39,clear,,0
68,52,clear,,0
67,93,clear,,0
92,37,clear,,0
58,44,clear,,0
50,40,clear,,0
69,53,clear,,0
42,36,clear,,0
61,49,clear,,0
8,43,clear,,0
0,39,clear,,0
93,1,clear,,0
30,61,clear,,0
51,4,clear,,1
43,0,clear,,0
1,3,clear,,0
87,43,clear,,1
53,50,clear,,0
4,45,clear,,0
45,46,clear,,0
72,63,clear,,0
64,59,clear,,0
14,58,clear,,0
88,44,clear,,0
47,6,clear,,0
46,47,clear,,0
5,9,clear,,1
57,56,clear,,0
49,52,clear,,0
15,59,clear,,0
7,55,clear,,0
81,4,clear,,0
73,0,clear,,0
18,64,wall,,0
39,7,clear,,0
31,3,clear,,0
91,54,clear,,0
42,49,clear,,0
83,50,clear,,0
75,46,clear,,0
8,56,clear,,0
0,52,clear,,0
41,53,clear,,0
74,1,clear,,0
11,61,clear,,0
44,58,clear,,0
32,4,clear,,0
10,65,clear,,0
84,51,wall,,0
43,13,clear,,0
35,9,clear,,0
87,56,clear,,0
1,16,clear,,0
34,50,clear,,0
45,59,clear,,0
37,55,clear,,0
3,62,clear,,0
22,75,clear,,0
69,7,clear,,0
14,71,clear,,0
61,3,clear,,1
27,10,clear,,0
38,56,clear,,0
79,57,clear,,0
71,53,clear,,0
90,66,clear,,0
82,62,clear,,0
62,4,clear,,0
7,68,clear,,0
54,0,clear,,0
40,65,clear,,0
20,7,clear,,0
6,72,clear,,0
39,20,clear,,0
12,3,clear,,0
91,67,clear,,0
23,12,clear,,0
83,63,clear,,0
75,59,clear,,0
41,66,clear,,0
33,62,clear,,0
13,4,clear,,0
93,76,clear,,0
44,71,clear,,0
46,1,clear,,0
10,78,clear,,0
16,9,clear,,0
57,10,wall,,0
2,74,clear,,0
49,6,clear,,0
34,63,clear,,0
26,22,clear,,0
86,73,clear,,0
92,4,clear,,0
37,68,clear,,0
78,69,clear,,0
3,75,clear,,0
89,78,wall,,0
50,7,clear,,0
36,72,clear,,0
42,3,clear,,0
55,85,clear,,0
8,10,clear,,0
27,23,clear,,0
0,6,clear,,0
79,70,clear,,0
11,15,wall,,0
30,28,clear,,0
90,79,clear,,0
82,75,clear,,0
84,5,clear,,0
29,69,clear,,0
40,78,clear,,0
87,10,clear,,0
12,16,clear,,0
72,30,clear,,0
4,12,clear,,0
56,22,clear,,0
22,29,clear,,0
88,11,clear,,0
33,75,clear,,0
74,76,clear,,0
85,85,clear,,0
46,14,clear,,0
32,79,clear,,0
38,10,clear,,0
51,92,clear,,0
43,88,clear,,0
49,19,clear,,0
35,84,clear,,0
68,32,clear,,0
15,26,clear,,0
7,22,clear,,0
26,35,clear,,0
86,86,clear,,0
18,31,clear,,0
78,82,clear,,0
70,78,clear,,0
89,91,clear,,0
17,72,wall,,0
91,21,clear,,0
36,85,clear,,0
9,68,clear,,0
42,16,clear,,0
28,81,clear,,0
8,23,clear,,0
0,19,clear,,0
60,33,wall,,0
11,28,clear,,0
52,29,wall,,0
29,82,clear,,0
21,78,clear,,0
87,23,clear,,0
73,88,clear,,1
45,26,clear,,0
31,91,clear,,0
64,39,clear,,0
14,38,clear,,0
74,89,clear,,0
66,85,clear,,0
13,79,clear,,0
32,92,clear,,0
24,88,clear,,0
90,33,clear,,0
15,39,wall,,0
48,36,clear,,0
92,79,clear,,0
91,34,clear,,0
61,91,clear,,0
60,46,clear,,0
33,29,clear,,0
25,25,clear,,0
44,38,clear,,0
2,41,clear,,0
62,92,clear,,0
54,88,clear,,0
34,30,clear,,0
86,40,clear,,0
78,36,clear,,0
3,42,clear,,0
89,45,clear,,0
55,52,clear,,0
47,48,clear,,0
88,86,clear,,0
79,37,wall,,0
71,33,clear,,0
90,46,clear,,0
29,36,clear,,0
48,49,clear,,0
21,32,clear,,0
40,45,clear,,0
6,52,clear,,0
42,91,clear,,0
74,43,clear,,0
93,56,clear,,0
25,38,clear,,0
44,51,clear,,0
85,52,clear,,0
10,58,clear,,0
51,59,clear,,0
2,54,clear,,0
43,55,clear,,0
76,3,clear,,0
26,2,clear,,0
86,53,clear,,0
59,36,clear,,0
78,49,clear,,0
70,45,clear,,0
89,58,clear,,0
17,39,wall,,0
36,52,clear,,0
47,61,clear,,0
60,0,clear,,0
5,64,clear,,0
63,42,clear,,0
40,58,clear,,0
81,59,clear,,0
73,55,clear,,0
6,65,clear,,0
39,62,clear,,1
72,10,wall,,0
64,6,clear,,1
56,2,clear,,0
22,9,clear,,0
14,5,clear,,0
74,56,clear,,0
93,69,clear,,0
66,52,clear,,0
85,65,clear,,0
32,59,clear,,0
43,68,clear,,0
90,0,clear,,0
35,64,clear,,0
15,6,clear,,0
1,71,clear,,0
7,2,clear,,0
48,3,clear,,0
59,49,clear,,0
18,11,wall,,0
92,46,clear,,0
91,1,clear,,0
36,65,clear,,0
9,48,clear,,0
28,61,clear,,0
80,71,clear,,0
41,0,clear,,0
5,77,clear,,0
52,9,clear,,0
44,5,clear,,0
10,12,clear,,1
2,8,clear,,0
62,59,clear,,0
81,72,clear,,0
54,55,clear,,0
39,75,clear,,0
12,58,clear,,0
45,6,clear,,0
31,71,clear,,0
86,7,clear,,0
78,3,clear,,0
37,2,clear,,0
3,9,clear,,1
89,12,clear,,1
14,18,clear,,0
47,15,clear,,0
13,59,clear,,0
32,72,clear,,0
79,4,clear,,0
71,0,clear,,0
16,64,clear,,0
90,13,clear,,0
35,77,clear,,1
76,78,clear,,0
82,9,clear,,0
68,74,clear,,0
29,3,clear,,0
48,16,clear,,0
6,19,clear,,0
92,59,clear,,0
9,61,clear,,0
77,79,clear,,0
69,75,clear,,0
42,58,clear,,0
75,6,clear,,0
8,65,clear,,0
41,13,clear,,0
27,78,clear,,0
33,9,clear,,0
74,10,wall,,0
19,74,wall,,0
93,23,clear,,0
25,5,clear,,0
11,70,clear,,0
44,18,clear,,0
30,83,clear,,0
85,19,wall,,0
10,25,clear,,0
51,26,clear,,0
2,21,clear,,0
43,22,clear,,0
20,75,clear,,0
67,7,clear,,0
12,71,clear,,0
86,20,clear,,0
31,84,clear,,0
4,67,clear,,0
59,3,clear,,0
23,80,clear,,0
89,25,clear,,0
17,6,clear,,0
55,32,clear,,0
47,28,clear,,0
88,66,clear,,0
38,65,clear,,0
63,9,clear,,0
76,91,clear,,0
68,87,clear,,0
21,12,clear,,0
7,77,clear,,0
26,90,clear,,0
91,76,clear,,0
42,71,clear,,0
8,78,clear,,0
27,91,clear,,0
0,74,clear,,1
93,36,clear,,0
85,32,wall,,0
13,13,clear,,0
32,26,clear,,0
51,39,clear,,0
24,22,clear,,0
43,35,clear,,0
84,73,clear,,0
35,31,clear,,0
1,38,clear,,0
87,78,clear,,0
34,72,clear,,0
53,85,clear,,0
4,80,clear,,0
37,77,clear,,0
56,90,clear,,0
36,32,clear,,0
77,33,clear,,0
9,15,wall,,0
28,28,clear,,0
69,29,clear,,0
5,44,clear,,0
38,78,clear,,0
57,91,clear,,0
49,87,clear,,0
90,88,clear,,0
54,22,clear,,0
73,35,clear,,0
20,29,clear,,0
39,42,clear,,0
12,25,clear,,0
31,38,clear,,0
91,89,clear,,0
23,34,clear,,0
83,85,clear,,0
75,81,clear,,0
41,88,clear,,0
33,84,clear,,0
13,26,clear,,0
44,93,clear,,0
32,39,wall,,0
24,35,clear,,0
65,36,clear,,1
16,31,clear,,0
76,45,clear,,0
68,41,wall,,0
1,51,clear,,0
87,91,clear,,0
34,85,clear,,0
92,26,clear,,0
37,90,clear,,0
58,33,clear,,0
77,46,clear,,0
50,29,clear,,0
9,28,clear,,0
69,42,wall,,0
61,38,clear,,0
80,51,clear,,0
8,32,clear,,0
11,37,clear,,0
71,88,clear,,0
29,91,clear,,0
62,39,clear,,0
12,38,clear,,0
72,52,clear,,0
64,48,clear,,0
88,33,clear,,1
25,93,clear,,0
46,36,clear,,0
65,49,clear,,0
57,45,clear,,0
76,58,clear,,0
49,41,clear,,0
68,54,clear,,0
7,44,clear,,0
59,91,clear,,0
92,39,clear,,0
58,46,clear,,0
50,42,clear,,0
91,43,clear,,0
42,38,clear,,0
61,51,clear,,0
8,45,clear,,0
0,41,clear,,0
60,55,clear,,0
93,3,clear,,0
30,63,clear,,0
51,6,clear,,0
43,2,clear,,0
87,45,clear,,0
1,5,clear,,0
53,52,clear,,0
4,47,clear,,0
45,48,clear,,0
56,57,clear,,0
3,51,clear,,0
77,0,clear,,0
14,60,clear,,0
88,46,clear,,0
80,5,clear,,0
46,49,clear,,0
5,11,clear,,0
57,58,clear,,0
49,54,clear,,0
90,55,clear,,0
15,61,clear,,0
7,57,clear,,0
81,6,clear,,0
73,2,clear,,0
39,9,clear,,0
31,5,clear,,0
91,56,clear,,1
23,1,clear,,0
83,52,clear,,0
75,48,clear,,0
0,54,clear,,0
41,55,clear,,0
33,51,clear,,0
44,60,clear,,0
32,6,clear,,0
24,2,clear,,0
10,67,clear,,0
84,53,wall,,0
2,63,clear,,0
35,11,clear,,0
87,58,clear,,0
1,18,clear,,0
34,52,clear,,0
45,61,clear,,0
86,62,clear,,0
37,57,clear,,0
58,0,clear,,0
3,64,clear,,0
89,67,clear,,0
22,77,clear,,0
69,9,clear,,0
14,73,clear,,0
61,5,clear,,0
27,12,clear,,0
19,8,clear,,0
79,59,clear,,0
71,55,clear,,0
90,68,clear,,0
63,51,clear,,0
82,64,clear,,0
29,58,clear,,0
62,6,clear,,0
54,2,clear,,0
40,67,clear,,0
20,9,clear,,0
6,74,clear,,0
12,5,clear,,0
83,65,clear,,0
75,61,clear,,0
41,68,clear,,0
88,0,clear,,0
33,64,clear,,0
93,78,clear,,0
44,73,clear,,0
85,74,clear,,0
46,3,clear,,0
2,76,clear,,0
49,8,clear,,0
15,15,clear,,0
26,24,clear,,0
86,75,clear,,1
59,58,clear,,0
92,6,clear,,0
78,71,clear,,0
89,80,wall,,0
50,9,clear,,0
91,10,clear,,0
36,74,clear,,0
42,5,clear,,0
55,87,clear,,1
28,70,clear,,0
8,12,clear,,0
27,25,clear,,0
0,8,clear,,0
79,72,clear,,0
11,17,clear,,0
82,77,clear,,0
84,7,clear,,0
29,71,clear,,0
40,80,clear,,0
81,81,clear,,0
87,12,wall,,0
72,32,clear,,0
45,15,clear,,0
56,24,clear,,0
22,31,clear,,0
88,13,clear,,0
14,27,clear,,0
74,78,clear,,0
85,87,clear,,0
46,16,clear,,0
32,81,clear,,0
24,77,clear,,0
57,25,clear,,0
43,90,clear,,0
49,21,clear,,0
35,86,clear,,0
68,34,clear,,0
15,28,clear,,0
7,24,clear,,0
26,37,clear,,0
18,33,clear,,0
78,84,clear,,1
17,74,wall,,0
91,23,clear,,0
36,87,clear,,0
9,70,clear,,1
77,88,clear,,0
28,83,clear,,1
0,21,clear,,0
41,22,clear,,0
60,35,clear,,0
11,30,clear,,0
52,31,wall,,0
10,34,clear,,0
21,80,clear,,0
87,25,clear,,0
73,90,clear,,0
20,84,clear,,0
31,93,clear,,0
64,41,clear,,0
74,91,clear,,0
66,87,clear,,0
24,90,clear,,0
90,35,clear,,0
48,38,clear,,0
40,34,clear,,0
6,41,clear,,0
92,81,wall,,0
58,88,clear,,0
61,93,clear,,0
41,35,clear,,0
60,48,clear,,0
33,31,clear,,0
52,44,clear,,0
93,45,clear,,0
25,27,clear,,0
44,40,clear,,0
2,43,clear,,0
54,90,clear,,0
86,42,clear,,0
78,38,clear,,0
70,34,clear,,0
3,44,clear,,0
89,47,clear,,0
47,50,clear,,0
88,88,clear,,1
46,91,clear,,0
79,39,wall,,0
71,35,clear,,0
82,44,clear,,0
29,38,clear,,0
48,51,clear,,0
21,34,clear,,0
40,47,clear,,0
42,93,clear,,0
74,45,clear,,0
93,58,clear,,0
66,41,clear,,0
85,54,clear,,0
2,56,clear,,0
43,57,clear,,0
35,53,clear,,0
68,1,clear,,0
1,60,clear,,0
67,42,clear,,0
26,4,clear,,0
18,0,clear,,0
59,38,clear,,0
78,51,clear,,0
70,47,clear,,0
89,60,clear,,0
36,54,clear,,0
60,2,clear,,1
5,66,clear,,0
10,1,clear,,0
62,48,clear,,0
81,61,clear,,0
73,57,clear,,0
39,64,clear,,0
31,60,clear,,0
64,8,clear,,0
56,4,clear,,0
22,11,clear,,0
14,7,clear,,0
74,58,clear,,0
66,54,clear,,0
85,67,clear,,0
32,61,clear,,0
43,70,clear,,0
90,2,clear,,0
35,66,clear,,0
1,73,clear,,0
7,4,clear,,0
48,5,clear,,0
40,1,clear,,0
92,48,clear,,0
6,8,clear,,0
58,55,clear,,0
91,3,clear,,0
9,50,clear,,0
77,68,clear,,0
28,63,clear,,0
61,60,clear,,0
80,73,clear,,0
41,2,clear,,0
27,67,wall,,0
93,12,clear,,0
44,7,clear,,0
30,72,clear,,0
10,14,clear,,0
2,10,clear,,0
81,74,clear,,0
54,57,clear,,0
39,77,clear,,0
12,60,clear,,0
86,9,clear,,0
31,73,clear,,0
4,56,clear,,0
37,4,wall,,0
78,5,clear,,0
70,1,clear,,0
3,11,clear,,0
89,14,clear,,0
36,8,clear,,0
55,21,clear,,1
88,55,clear,,0
47,17,clear,,0
13,61,clear,,0
79,6,clear,,0
5,20,clear,,0
71,2,clear,,0
16,66,clear,,0
90,15,clear,,0
76,80,clear,,0
68,76,clear,,0
29,5,clear,,0
48,18,clear,,0
21,1,clear,,0
40,14,clear,,0
26,79,clear,,0
6,21,clear,,1
92,61,clear,,0
77,81,clear,,0
69,77,clear,,0
42,60,clear,,0
80,86,clear,,0
8,67,clear,,0
27,80,clear,,0
0,63,clear,,0
33,11,clear,,0
19,76,clear,,0
25,7,clear,,0
66,8,clear,,0
11,72,clear,,0
93,25,clear,,0
30,85,clear,,0
85,21,wall,,0
51,28,clear,,0
2,23,clear,,0
84,62,clear,,0
43,24,clear,,0
1,27,wall,,0
20,77,clear,,0
87,67,clear,,0
67,9,clear,,0
12,73,clear,,0
86,22,clear,,0
59,5,clear,,0
4,69,clear,,0
72,87,clear,,0
23,82,clear,,0
89,27,clear,,1
17,8,clear,,0
36,21,clear,,0
9,4,clear,,0
55,34,clear,,0
88,68,clear,,0
46,71,clear,,0
38,67,clear,,0
76,93,clear,,0
68,89,clear,,0
29,18,wall,,0
7,79,clear,,0
26,92,clear,,0
31,27,clear,,0
91,78,clear,,0
42,73,clear,,0
83,74,clear,,0
8,80,clear,,0
0,76,clear,,0
60,90,clear,,0
52,86,clear,,0
13,15,clear,,0
85,34,wall,,0
51,41,clear,,0
24,24,clear,,0
43,37,clear,,0
84,75,clear,,0
35,33,clear,,0
1,40,clear,,0
87,80,clear,,0
34,74,clear,,0
53,87,clear,,0
92,15,clear,,0
37,79,clear,,0
56,92,clear,,0
77,35,clear,,0
9,17,clear,,0
69,31,clear,,0
27,34,clear,,0
38,80,clear,,0
79,81,wall,,0
30,39,wall,,0
49,89,clear,,0
90,90,clear,,0
82,86,clear,,0
48,93,clear,,0
54,24,clear,,0
73,37,clear,,0
20,31,clear,,0
12,27,clear,,0
4,23,clear,,0
23,36,clear,,0
83,87,clear,,0
75,83,clear,,0
41,90,clear,,0
88,22,wall,,0
33,86,clear,,0
25,82,clear,,0
13,28,clear,,0
24,37,clear,,0
65,38,wall,,0
16,33,clear,,0
57,34,clear,,0
76,47,clear,,0
68,43,clear,,0
34,87,clear,,0
92,28,clear,,1
37,92,clear,,0
58,35,clear,,0
77,48,clear,,0
50,31,clear,,0
69,44,clear,,0
61,40,clear,,0
80,53,clear,,0
8,34,clear,,0
11,39,wall,,0
71,90,clear,,0
29,93,clear,,0
87,34,clear,,0
72,54,clear,,0
64,50,clear,,0
56,46,clear,,0
55,1,clear,,0
88,35,clear,,1
46,38,clear,,0
65,51,clear,,0
57,47,clear,,0
76,60,clear,,0
49,43,clear,,0
68,56,clear,,0
7,46,clear,,0
18,55,clear,,0
59,93,clear,,0
50,44,clear,,0
91,45,clear,,0
42,40,clear,,0
8,47,clear,,0
0,43,clear,,0
19,56,clear,,0
60,57,clear,,0
11,52,clear,,0
52,53,clear,,0
85,1,clear,,0
51,8,clear,,0
43,4,wall,,0
87,47,clear,,0
1,7,clear,,0
53,54,clear,,0
45,50,clear,,0
56,59,clear,,0
3,53,clear,,0
77,2,clear,,0
14,62,clear,,0
80,7,clear,,0
46,51,clear,,0
5,13,clear,,0
38,47,clear,,0
79,48,clear,,0
49,56,clear,,0
90,57,clear,,0
82,53,clear,,0
15,63,clear,,0
7,59,clear,,0
48,60,clear,,0
81,8,clear,,0
73,4,clear,,0
31,7,clear,,0
91,58,clear,,0
23,3,clear,,0
83,54,clear,,0
75,50,clear,,0
41,57,clear,,0
33,53,clear,,0
24,4,clear,,0
65,5,clear,,0
10,69,clear,,1
2,65,clear,,0
68,10,wall,,0
1,20,clear,,0
34,54,clear,,0
86,64,clear,,0
37,59,clear,,0
78,60,clear,,0
58,2,clear,,0
3,66,clear,,0
89,69,clear,,0
14,75,clear,,0
61,7,clear,,0
19,10,clear,,0
79,61,clear,,0
11,6,clear,,0
30,19,clear,,0
71,57,clear,,0
90,70,clear,,0
63,53,clear,,0
82,66,clear,,0
29,60,clear,,0
54,4,clear,,0
40,69,clear,,0
20,11,wall,,0
6,76,clear,,0
12,7,clear,,0
31,20,clear,,0
4,3,clear,,0
75,63,clear,,0
41,70,clear,,0
88,2,clear,,0
33,66,clear,,0
93,80,clear,,0
44,75,clear,,0
85,76,clear,,0
46,5,clear,,0
38,1,clear,,0
2,78,clear,,0
49,10,clear,,0
15,17,clear,,0
7,13,clear,,0
26,26,clear,,0
86,77,clear,,0
59,60,clear,,0
78,73,clear,,0
89,82,clear,,0
17,63,clear,,0
91,12,clear,,0
36,76,clear,,0
50,11,wall,,0
55,89,clear,,0
28,72,clear,,0
42,7,clear,,0
8,14,clear,,0
27,27,clear,,0
0,10,clear,,0
19,23,clear,,0
11,19,clear,,0
30,32,clear,,0
84,9,clear,,0
29,73,clear,,0
40,82,clear,,0
81,83,clear,,0
87,14,wall,,0
73,79,clear,,0
34,8,clear,,0
53,21,clear,,0
72,34,clear,,0
45,17,clear,,0
4,16,clear,,0
56,26,clear,,0
3,20,clear,,0
22,33,clear,,0
14,29,clear,,0
74,80,clear,,0
85,89,clear,,0
13,70,clear,,0
46,18,clear,,0
32,83,clear,,0
38,14,clear,,0
24,79,clear,,0
57,27,clear,,0
43,92,clear,,0
49,23,clear,,0
90,24,clear,,0
35,88,clear,,0
15,30,clear,,0
7,26,clear,,0
67,77,clear,,0
26,39,wall,,0
18,35,clear,,0
17,76,clear,,1
91,25,clear,,0
36,89,clear,,0
9,72,clear,,0
77,90,clear,,0
28,85,clear,,0
0,23,clear,,0
60,37,clear,,0
33,20,clear,,0
52,33,wall,,0
10,36,clear,,0
73,92,clear,,0
34,21,clear,,0
86,31,clear,,0
23,91,clear,,0
89,36,clear,,0
66,89,clear,,0
24,92,clear,,0
90,37,clear,,0
29,27,clear,,0
48,40,clear,,0
40,36,clear,,0
6,43,clear,,0
92,83,wall,,0
58,90,clear,,0
50,86,clear,,0
42,82,clear,,0
41,37,clear,,0
33,33,clear,,0
52,46,clear,,0
93,47,clear,,0
25,29,clear,,0
44,42,clear,,0
85,43,wall,,0
10,49,clear,,0
51,50,clear,,0
2,45,clear,,0
54,92,clear,,0
86,44,clear,,0
78,40,clear,,0
70,36,clear,,0
89,49,clear,,0
55,56,clear,,0
47,52,clear,,0
88,90,clear,,0
46,93,clear,,0
71,37,clear,,0
82,46,clear,,0
48,53,clear,,0
21,36,clear,,0
40,49,clear,,0
81,50,clear,,0
6,56,clear,,0
72,1,clear,,0
22,0,clear,,0
74,47,clear,,0
93,60,clear,,0
66,43,clear,,0
85,56,clear,,0
35,55,clear,,0
1,62,clear,,0
67,44,clear,,0
26,6,clear,,0
18,2,clear,,0
59,40,clear,,0
78,53,clear,,0
70,49,clear,,0
36,56,clear,,1
77,57,clear,,0
80,62,clear,,0
60,4,clear,,1
5,68,clear,,0
52,0,clear,,0
10,3,clear,,0
62,50,clear,,0
81,63,clear,,0
54,46,clear,,0
73,59,clear,,0
53,1,clear,,0
39,66,clear,,0
31,62,clear,,0
56,6,clear,,0
89,3,clear,,0
22,13,clear,,0
14,9,clear,,0
55,10,wall,,0
74,60,clear,,0
66,56,clear,,0
32,63,clear,,0
43,72,clear,,1
16,55,clear,,0
90,4,clear,,0
35,68,clear,,0
82,0,clear,,0
1,75,clear,,0
48,7,clear,,0
40,3,clear,,0
92,50,clear,,0
6,10,clear,,0
17,56,clear,,0
58,57,clear,,0
9,52,clear,,0
50,53,clear,,0
83,1,clear,,0
80,75,clear,,0
41,4,wall,,0
27,69,wall,,0
93,14,clear,,0
44,9,clear,,0
85,10,wall,,0
30,74,clear,,0
2,12,clear,,0
54,59,clear,,0
73,72,clear,,0
39,79,clear,,0
12,62,clear,,0
86,11,wall,,0
31,75,clear,,0
4,58,clear,,1
72,76,clear,,0
78,7,clear,,0
70,3,clear,,0
89,16,clear,,0
36,10,clear,,0
55,23,clear,,0
28,6,clear,,0
88,57,clear,,0
47,19,clear,,0
13,63,clear,,0
46,60,clear,,0
79,8,clear,,0
5,22,clear,,0
71,4,clear,,0
16,68,clear,,0
63,0,clear,,0
76,82,clear,,0
68,78,clear,,0
29,7,clear,,0
15,72,clear,,0
48,20,clear,,0
21,3,clear,,0
40,16,clear,,0
26,81,clear,,0
18,77,clear,,0
6,23,clear,,0
92,63,clear,,0
69,79,clear,,0
42,62,clear,,0
8,69,clear,,0
27,82,clear,,0
0,65,clear,,0
19,78,clear,,0
93,27,clear,,0
66,10,wall,,0
11,74,clear,,0
25,9,clear,,0
30,87,clear,,0
85,23,wall,,0
51,30,clear,,0
24,13,clear,,0
84,64,clear,,0
35,22,clear,,0
87,69,clear,,0
12,75,clear,,0
59,7,clear,,0
4,71,clear,,0
45,72,clear,,0
72,89,clear,,0
17,10,clear,,0
36,23,clear,,0
9,6,clear,,0
28,19,clear,,0
88,70,clear,,0
46,73,clear,,0
38,69,clear,,0
68,91,clear,,0
7,81,clear,,0
91,80,clear,,0
23,25,clear,,0
42,75,clear,,0
83,76,clear,,0
0,78,clear,,0
41,79,clear,,0
60,92,clear,,0
52,88,clear,,0
13,17,clear,,0
32,30,clear,,0
24,26,clear,,0
43,39,clear,,0
84,77,clear,,0
35,35,clear,,0
76,36,clear,,0
1,42,clear,,0
87,82,clear,,0
34,76,clear,,0
53,89,clear,,0
92,17,wall,,0
37,81,clear,,0
17,23,clear,,0
77,37,clear,,0
50,20,wall,,0
9,19,clear,,0
69,33,clear,,0
27,36,clear,,0
19,32,clear,,0
38,82,clear,,0
79,83,wall,,0
71,79,clear,,0
90,92,clear,,0
82,88,clear,,0
54,26,clear,,0
40,91,clear,,0
20,33,clear,,0
12,29,clear,,0
72,43,clear,,0
4,25,clear,,0
23,38,clear,,0
83,89,clear,,0
75,85,clear,,0
41,92,clear,,0
88,24,clear,,0
33,88,clear,,0
25,84,clear,,0
13,30,clear,,0
46,27,clear,,0
65,40,clear,,0
16,35,clear,,0
57,36,clear,,0
76,49,clear,,0
49,32,clear,,0
68,45,clear,,0
34,89,clear,,0
67,86,clear,,0
92,30,clear,,0
70,91,clear,,0
58,37,clear,,0
50,33,clear,,0
69,46,clear,,0
61,42,clear,,0
30,54,clear,,0
71,92,clear,,0
87,36,clear,,0
4,38,clear,,0
45,39,clear,,0
72,56,clear,,0
64,52,clear,,0
56,48,clear,,0
55,3,clear,,0
88,37,clear,,1
46,40,clear,,0
5,2,clear,,0
65,53,clear,,0
57,49,clear,,0
49,45,clear,,0
68,58,clear,,0
7,48,clear,,0
26,61,clear,,0
18,57,clear,,0
39,0,clear,,0
91,47,clear,,0
42,42,clear,,0
83,43,wall,,0
75,39,clear,,0
8,49,clear,,0
0,45,clear,,0
41,46,clear,,0
60,59,clear,,0
11,54,clear,,0
52,55,clear,,0
51,10,wall,,0
84,44,clear,,0
43,6,clear,,0
87,49,clear,,0
1,9,clear,,0
53,56,clear,,0
45,52,clear,,0
37,48,clear,,0
77,4,clear,,0
69,0,clear,,0
14,64,clear,,0
80,9,clear,,0
27,3,clear,,0
38,49,clear,,1
79,50,clear,,0
71,46,clear,,0
30,8,clear,,0
90,59,clear,,0
82,55,clear,,0
7,61,clear,,0
48,62,clear,,0
81,10,wall,,0
73,6,clear,,0
20,0,clear,,0
39,13,clear,,0
31,9,clear,,0
91,60,clear,,0
23,5,clear,,0
83,56,clear,,0
75,52,clear,,0
41,59,clear,,0
33,55,clear,,0
24,6,clear,,0
65,7,clear,,0
10,71,clear,,0
16,2,clear,,0
57,3,clear,,0
2,67,clear,,1
34,56,clear,,0
67,53,clear,,0
86,66,clear,,0
37,61,clear,,0
78,62,clear,,0
58,4,clear,,0
3,68,clear,,0
70,58,clear,,0
50,0,clear,,0
89,71,wall,,0
14,77,clear,,0
61,9,clear,,0
47,74,clear,,0
8,3,clear,,0
79,63,clear,,0
11,8,clear,,0
30,21,clear,,1
71,59,clear,,0
90,72,clear,,0
63,55,clear,,0
82,68,clear,,0
29,62,clear,,0
40,71,clear,,0
87,3,clear,,0
6,78,clear,,0
12,9,clear,,0
53,10,wall,,0
4,5,clear,,0
22,22,clear,,0
88,4,clear,,0
33,68,clear,,0
85,78,clear,,0
46,7,clear,,0
38,3,clear,,0
51,85,clear,,0
2,80,clear,,0
43,81,clear,,0
49,12,clear,,0
15,19,clear,,0
7,15,wall,,0
86,79,clear,,0
18,24,clear,,0
78,75,clear,,0
89,84,clear,,0
17,65,wall,,0
91,14,clear,,0
36,78,clear,,0
42,9,clear,,0
55,91,clear,,0
28,74,clear,,0
83,10,wall,,0
47,87,clear,,0
8,16,clear,,0
0,12,clear,,0
19,25,clear,,0
11,21,clear,,0
52,22,clear,,0
29,75,clear,,0
81,85,clear,,0
87,16,wall,,0
73,81,clear,,0
34,10,clear,,0
53,23,clear,,0
72,36,clear,,0
45,19,clear,,0
56,28,clear,,0
3,22,clear,,0
22,35,clear,,0
14,31,clear,,0
74,82,clear,,0
85,91,clear,,0
13,72,clear,,0
46,20,clear,,0
32,85,clear,,0
38,16,clear,,0
24,81,clear,,0
16,77,clear,,0
49,25,clear,,0
35,90,clear,,0
90,26,clear,,0
15,32,clear,,0
48,29,clear,,0
18,37,clear,,0
92,72,clear,,0
17,78,clear,,0
91,27,clear,,0
9,74,clear,,0
77,92,clear,,0
28,87,clear,,0
69,88,clear,,0
60,39,clear,,0
33,22,clear,,0
52,35,wall,,0
25,18,wall,,0
34,23,clear,,0
86,33,clear,,0
23,93,clear,,0
89,38,clear,,0
55,45,clear,,0
47,41,clear,,0
88,79,clear,,0
90,39,clear,,0
29,29,clear,,0
48,42,clear,,0
21,25,clear,,0
40,38,clear,,0
6,45,clear,,0
92,85,wall,,0
58,92,clear,,0
50,88,clear,,0
75,32,clear,,0
41,39,clear,,0
33,35,clear,,0
74,36,clear,,0
93,49,clear,,0
25,31,clear,,0
44,44,clear,,0
85,45,clear,,0
10,51,clear,,0
51,52,clear,,0
2,47,clear,,1
43,48,clear,,0
84,86,clear,,0
67,33,clear,,0
86,46,clear,,0
78,42,clear,,0
70,38,clear,,0
89,51,clear,,0
17,32,clear,,0
55,58,clear,,0
47,54,clear,,0
88,92,clear,,0
5,57,clear,,0
38,91,clear,,0
71,39,clear,,0
63,35,clear,,0
21,38,clear,,0
40,51,clear,,0
81,52,clear,,0
73,48,clear,,0
6,58,clear,,1
39,55,clear,,0
72,3,clear,,0
22,2,clear,,0
74,49,clear,,0
93,62,clear,,0
66,45,clear,,0
85,58,clear,,0
13,39,wall,,0
35,57,clear,,0
1,64,clear,,0
67,46,clear,,0
18,4,clear,,0
59,42,clear,,0
70,51,clear,,0
36,58,clear,,0
9,41,clear,,0
77,59,clear,,0
69,55,clear,,0
80,64,clear,,0
60,6,clear,,0
5,70,clear,,0
52,2,clear,,0
10,5,wall,,0
62,52,clear,,0
81,65,clear,,0
54,48,clear,,0
73,61,clear,,0
39,68,clear,,0
86,0,clear,,0
31,64,clear,,0
89,5,clear,,0
14,11,wall,,0
47,8,clear,,0
66,58,clear,,0
32,65,clear,,0
16,57,clear,,0
90,6,clear,,0
35,70,clear,,0
82,2,clear,,0
1,77,clear,,0
48,9,clear,,0
40,5,clear,,0
92,52,clear,,0
6,12,clear,,0
58,59,clear,,0
9,54,clear,,0
50,55,clear,,0
77,72,clear,,0
42,51,clear,,0
80,77,clear,,0
8,58,clear,,0
41,6,clear,,0
27,71,wall,,0
33,2,clear,,0
74,3,clear,,0
93,16,clear,,0
11,63,clear,,0
44,11,clear,,0
30,76,clear,,0
85,12,wall,,0
10,18,clear,,0
2,14,clear,,0
43,15,clear,,0
54,61,clear,,0
67,0,clear,,0
12,64,clear,,0
86,13,clear,,1
31,77,clear,,0
4,60,clear,,0
72,78,clear,,0
78,9,clear,,0
70,5,clear,,0
89,18,clear,,0
36,12,clear,,0
55,25,clear,,0
28,8,clear,,0
88,59,clear,,0
47,21,clear,,0
46,62,clear,,0
5,24,clear,,0
38,58,clear,,0
71,6,clear,,0
63,2,clear,,1
76,84,clear,,0
29,9,clear,,0
15,74,clear,,0
21,5,clear,,0
7,70,clear,,0
40,18,clear,,0
26,83,clear,,0
18,79,clear,,0
6,25,clear,,0
92,65,clear,,0
91,69,clear,,0
42,64,clear,,0
8,71,clear,,0
27,84,clear,,0
0,67,clear,,0
19,80,clear,,0
93,29,clear,,0
11,76,clear,,0
85,25,wall,,0
30,89,clear,,0
13,6,clear,,0
51,32,clear,,0
84,66,clear,,0
16,11,wall,,0
35,24,clear,,0
87,71,clear,,0
34,65,clear,,0
59,9,clear,,0
4,73,clear,,0
45,74,clear,,0
72,91,clear,,0
37,70,clear,,0
17,12,clear,,0
3,77,clear,,0
36,25,clear,,0
9,8,clear,,0
28,21,clear,,0
88,72,clear,,0
46,75,clear,,0
38,71,clear,,0
90,81,clear,,0
7,83,clear,,0
39,35,clear,,0
12,18,clear,,0
31,31,clear,,0
91,82,clear,,1
23,27,clear,,0
83,78,clear,,0
75,74,clear,,0
0,80,clear,,0
41,81,clear,,0
33,77,clear,,0
52,90,clear,,1
13,19,clear,,0
44,86,clear,,0
32,32,clear,,0
24,28,clear,,0
84,79,clear,,0
16,24,clear,,0
76,38,clear,,0
1,44,clear,,0
87,84,clear,,0
34,78,clear,,0
53,91,clear,,0
45,87,clear,,0
86,88,clear,,0
92,19,clear,,0
37,83,clear,,0
77,39,clear,,0
50,22,clear,,0
9,21,clear,,0
69,35,clear,,0
42,18,clear,,0
80,44,clear,,0
8,25,clear,,0
19,34,clear,,0
79,85,wall,,0
71,81,clear,,0
82,90,clear,,0
29,84,clear,,0
54,28,wall,,0
40,93,clear,,0
20,35,clear,,0
12,31,clear,,0
72,45,clear,,0
83,91,clear,,0
75,87,clear,,0
88,26,clear,,0
33,90,clear,,0
25,86,clear,,0
65,42,clear,,0
76,51,clear,,0
49,34,clear,,0
68,47,clear,,0
67,88,clear,,0
92,32,clear,,0
70,93,clear,,0
58,39,clear,,0
50,35,clear,,0
91,36,clear,,0
61,44,clear,,0
30,56,clear,,0
63,90,wall,,0
87,38,clear,,0
34,32,clear,,0
53,45,clear,,0
4,40,clear,,0
45,41,clear,,1
72,58,clear,,0
64,54,clear,,0
56,50,clear,,0
88,39,clear,,0
47,1,clear,,0
46,42,clear,,0
5,4,clear,,0
38,38,clear,,0
57,51,clear,,0
49,47,clear,,0
90,48,clear,,0
7,50,clear,,0
26,63,clear,,0
18,59,clear,,1
39,2,clear,,0
91,49,clear,,0
83,45,clear,,0
75,41,clear,,0
0,47,clear,,0
41,48,clear,,0
60,61,clear,,0
52,57,clear,,0
44,53,clear,,0
10,60,clear,,0
84,46,clear,,0
43,8,clear,,0
35,4,wall,,0
76,5,clear,,0
87,51,clear,,0
1,11,clear,,0
53,58,clear,,0
45,54,clear,,0
86,55,clear,,0
37,50,clear,,0
3,57,clear,,0
77,6,clear,,0
69,2,clear,,0
14,66,clear,,0
27,5,clear,,0
19,1,clear,,0
79,52,clear,,1
71,48,clear,,0
30,10,clear,,0
90,61,clear,,0
63,44,clear,,0
82,57,clear,,0
40,60,clear,,0
73,8,clear,,0
20,2,clear,,0
6,67,clear,,0
39,15,clear,,0
31,11,clear,,0
23,7,clear,,0
83,58,clear,,0
75,54,clear,,0
41,61,clear,,0
33,57,clear,,0
93,71,clear,,0
65,9,clear,,0
10,73,clear,,0
16,4,clear,,0
57,5,clear,,0
2,69,clear,,0
49,1,clear,,0
15,8,clear,,0
67,55,clear,,0
86,68,clear,,0
59,51,clear,,0
78,64,clear,,0
58,6,clear,,0
70,60,clear,,0
50,2,clear,,0
36,67,clear,,0
8,5,wall,,0
27,18,wall,,0
5,79,clear,,0
79,65,clear,,0
11,10,clear,,0
30,23,clear,,0
71,61,clear,,0
63,57,clear,,0
82,70,clear,,0
84,0,clear,,0
29,64,clear,,0
40,73,clear,,0
87,5,clear,,0
6,80,clear,,0
12,11,wall,,0
4,7,clear,,0
45,8,clear,,0
22,24,clear,,0
88,6,clear,,0
14,20,clear,,0
85,80,clear,,0
46,9,clear,,0
32,74,clear,,0
38,5,clear,,0
51,87,clear,,0
2,82,clear,,0
43,83,clear,,0
49,14,clear,,0
35,79,clear,,0
7,17,clear,,0
26,30,clear,,0
18,26,clear,,0
78,77,clear,,0
70,73,clear,,0
91,16,clear,,0
36,80,clear,,0
9,63,clear,,0
55,93,clear,,0
28,76,clear,,0
42,11,clear,,0
47,89,clear,,0
75,8,clear,,0
8,18,clear,,0
41,15,clear,,0
11,23,clear,,0
52,24,clear,,0
44,20,clear,,0
10,27,wall,,0
81,87,clear,,0
87,18,wall,,0
73,83,clear,,0
34,12,clear,,0
53,25,clear,,0
39,90,clear,,0
45,21,clear,,0
31,86,clear,,0
64,34,clear,,0
56,30,clear,,0
3,24,clear,,0
22,37,clear,,0
74,84,clear,,0
13,74,clear,,0
32,87,clear,,0
24,83,clear,,0
16,79,clear,,1
90,28,clear,,0
35,92,clear,,0
7,30,clear,,0
92,74,clear,,0
17,80,clear,,0
91,29,clear,,0
9,76,clear,,0
28,89,clear,,0
69,90,clear,,0
27,93,clear,,0
60,41,clear,,0
33,24,clear,,0
52,37,clear,,0
25,20,clear,,0
93,38,clear,,0
44,33,clear,,0
34,25,clear,,0
86,35,clear,,0
4,82,clear,,0
37,30,clear,,0
89,40,clear,,0
36,34,clear,,0
55,47,clear,,0
47,43,clear,,0
88,81,clear,,1
5,46,clear,,0
57,93,clear,,0
90,41,clear,,0
29,31,clear,,0
48,44,clear,,0
21,27,clear,,0
40,40,clear,,0
6,47,clear,,0
92,87,wall,,0
50,90,clear,,0
42,86,clear,,0
33,37,clear,,0
74,38,clear,,0
93,51,clear,,0
66,34,clear,,0
25,33,clear,,0
85,47,clear,,0
51,54,clear,,0
2,49,clear,,0
43,50,clear,,0
84,88,clear,,0
1,53,clear,,0
67,35,clear,,0
86,48,clear,,0
59,31,clear,,0
78,44,clear,,0
89,53,clear,,0
17,34,clear,,0
9,30,clear,,0
55,60,clear,,0
47,56,clear,,0
5,59,clear,,0
38,93,clear,,0
63,37,clear,,0
62,41,clear,,0
81,54,clear,,0
73,50,clear,,0
39,57,clear,,0
64,1,clear,,0
22,4,clear,,0
74,51,clear,,0
66,47,clear,,0
85,60,clear,,0
32,54,clear,,0
35,59,clear,,1
1,66,clear,,0
59,44,clear,,0
92,41,clear,,0
58,48,clear,,0
77,61,clear,,0
69,57,clear,,0
61,53,clear,,0
80,66,clear,,0
60,8,clear,,0
52,4,clear,,0
93,5,clear,,0
44,0,clear,,0
30,65,clear,,0
10,7,clear,,0
2,3,clear,,0
62,54,clear,,0
81,67,clear,,0
54,50,clear,,0
73,63,clear,,0
20,57,clear,,0
39,70,clear,,0
86,2,clear,,0
31,66,clear,,0
4,49,clear,,0
3,4,clear,,0
89,7,clear,,0
88,48,clear,,0
47,10,clear,,0
13,54,clear,,0
16,59,clear,,0
57,60,clear,,0
90,8,clear,,0
76,73,clear,,0
82,4,clear,,0
48,11,clear,,0
40,7,clear,,0
92,54,clear,,0
6,14,clear,,0
58,61,clear,,0
77,74,clear,,0
50,57,clear,,0
42,53,clear,,0
80,79,clear,,0
8,60,clear,,0
27,73,wall,,0
0,56,clear,,0
33,4,clear,,0
74,5,clear,,0
93,18,clear,,0
66,1,clear,,0
11,65,clear,,0
25,0,clear,,0
30,78,clear,,0
85,14,wall,,0
32,8,clear,,0
51,21,clear,,0
2,16,clear,,0
84,55,wall,,0
43,17,clear,,0
87,60,clear,,0
67,2,clear,,0
86,15,clear,,0
4,62,clear,,0
72,80,clear,,0
23,75,clear,,0
70,7,clear,,0
89,20,clear,,0
22,79,clear,,0
55,27,clear,,1
28,10,clear,,0
88,61,clear,,0
47,23,clear,,0
5,26,clear,,0
38,60,clear,,0
63,4,clear,,1
76,86,clear,,0
29,11,clear,,0
15,76,clear,,0
21,7,clear,,1
62,8,clear,,0
7,72,clear,,0
26,85,clear,,0
18,81,clear,,0
91,71,clear,,0
42,66,clear,,0
83,67,clear,,0
8,73,clear,,0
0,69,clear,,0
19,82,clear,,0
11,78,clear,,0
85,27,wall,,0
13,8,clear,,0
32,21,clear,,0
51,34,clear,,0
84,68,clear,,0
16,13,clear,,0
35,26,clear,,0
87,73,clear,,0
34,67,clear,,0
72,93,clear,,0
92,8,clear,,0
37,72,clear,,0
56,85,clear,,0
17,14,clear,,0
3,79,clear,,0
9,10,clear,,0
28,23,clear,,0
5,39,clear,,0
38,73,clear,,0
79,74,clear,,0
90,83,clear,,0
82,79,clear,,0
48,86,clear,,0
73,30,clear,,0
20,24,clear,,0
39,37,clear,,0
12,20,clear,,0
31,33,clear,,0
91,84,clear,,0
23,29,clear,,0
83,80,clear,,0
75,76,clear,,1
41,83,clear,,0
88,15,clear,,0
33,79,clear,,0
52,92,clear,,0
25,75,clear,,0
13,21,clear,,0
44,88,clear,,0
24,30,clear,,0
16,26,clear,,0
76,40,clear,,0
68,36,clear,,0
1,46,clear,,0
34,80,clear,,0
45,89,clear,,0
86,90,clear,,0
92,21,clear,,0
37,85,clear,,0
78,86,clear,,0
77,41,clear,,0
50,24,clear,,0
69,37,clear,,0
42,20,clear,,0
61,33,clear,,0
80,46,clear,,0
8,27,wall,,0
19,36,clear,,0
79,87,wall,,0
11,32,clear,,0
29,86,clear,,0
21,82,clear,,0
54,30,wall,,0
87,27,clear,,0
20,37,clear,,0
72,47,clear,,0
64,43,clear,,0
75,89,clear,,0
88,28,clear,,1
33,92,clear,,0
74,93,clear,,0
25,88,clear,,0
65,44,clear,,0
57,40,clear,,0
76,53,clear,,0
49,36,clear,,0
68,49,clear,,0
7,39,clear,,0
67,90,clear,,0
50,37,clear,,0
91,38,clear,,0
42,33,clear,,0
8,40,clear,,0
60,50,clear,,0
30,58,clear,,0
63,92,clear,,0
51,1,clear,,0
87,40,clear,,0
34,34,clear,,0
53,47,clear,,0
72,60,clear,,0
45,43,clear,,0
64,56,clear,,0
37,39,clear,,0
56,52,clear,,0
3,46,clear,,0
14,55,clear,,0
80,0,clear,,0
46,44,clear,,0
5,6,clear,,1
38,40,clear,,0
79,41,wall,,0
49,49,clear,,0
90,50,clear,,0
15,56,clear,,0
7,52,clear,,0
81,1,clear,,0
18,61,clear,,0
39,4,wall,,0
31,0,clear,,0
91,51,clear,,1
83,47,clear,,0
75,43,clear,,0
41,50,clear,,0
52,59,wall,,0
44,55,clear,,0
32,1,clear,,0
10,62,clear,,0
2,58,clear,,0
35,6,clear,,0
76,7,clear,,0
68,3,clear,,0
1,13,clear,,0
45,56,clear,,0
86,57,clear,,0
37,52,clear,,0
3,59,clear,,0
77,8,clear,,0
89,62,clear,,0
69,4,clear,,0
14,68,clear,,0
61,0,clear,,0
27,7,clear,,0
19,3,clear,,0
79,54,clear,,0
30,12,clear,,0
71,50,clear,,0
90,63,clear,,0
63,46,clear,,0
82,59,clear,,0
62,1,clear,,0
40,62,clear,,0
20,4,clear,,1
6,69,clear,,0
12,0,clear,,0
31,13,clear,,0
23,9,clear,,0
64,10,wall,,0
75,56,clear,,0
41,63,clear,,0
33,59,clear,,0
93,73,clear,,0
44,68,clear,,0
85,69,clear,,0
10,75,clear,,0
57,7,clear,,0
2,71,clear,,0
49,3,clear,,0
15,10,clear,,1
7,6,clear,,0
26,19,clear,,0
67,57,clear,,0
86,70,clear,,0
59,53,clear,,0
92,1,clear,,0
78,66,clear,,0
58,8,clear,,0
89,75,wall,,0
50,4,clear,,0
91,5,clear,,0
36,69,clear,,0
42,0,clear,,0
28,65,clear,,0
8,7,clear,,0
27,20,clear,,0
5,81,clear,,0
11,12,clear,,0
30,25,clear,,0
63,59,clear,,0
84,2,clear,,0
29,66,clear,,0
40,75,clear,,0
81,76,clear,,1
87,7,clear,,0
6,82,clear,,0
4,9,clear,,0
45,10,clear,,0
37,6,clear,,0
3,13,clear,,0
22,26,clear,,0
88,8,clear,,0
14,22,clear,,0
74,73,clear,,0
85,82,clear,,0
46,11,clear,,0
32,76,clear,,0
38,7,clear,,0
51,89,clear,,0
49,16,clear,,0
90,17,clear,,0
35,81,clear,,0
15,23,clear,,0
7,19,clear,,0
26,32,clear,,0
70,75,clear,,1
17,69,wall,,0
91,18,clear,,0
36,82,clear,,0
9,65,clear,,0
77,83,clear,,0
28,78,clear,,0
47,91,clear,,0
75,10,wall,,0
0,16,clear,,0
41,17,clear,,1
80,88,clear,,0
33,13,clear,,0
52,26,wall,,0
44,22,clear,,0
10,29,clear,,0
2,25,clear,,0
21,75,clear,,0
81,89,clear,,0
87,20,wall,,0
73,85,clear,,0
20,79,clear,,0
53,27,clear,,0
39,92,clear,,0
45,23,clear,,0
86,24,clear,,0
31,88,clear,,0
23,84,clear,,0
56,32,clear,,0
3,26,clear,,0
89,29,clear,,0
22,39,wall,,0
14,35,clear,,0
13,76,clear,,0
32,89,clear,,0
24,85,clear,,0
16,81,clear,,0
90,30,clear,,0
29,20,clear,,0
92,76,clear,,0
17,82,clear,,0
9,78,clear,,0
69,92,clear,,0
33,26,clear,,0
25,22,clear,,0
93,40,clear,,0
44,35,clear,,0
85,36,wall,,0
51,43,clear,,0
2,38,clear,,0
54,85,clear,,0
86,37,clear,,0
70,29,clear,,0
89,42,clear,,0
55,49,clear,,0
28,32,clear,,0
47,45,clear,,0
88,83,clear,,0
5,48,clear,,0
71,30,clear,,0
49,91,clear,,0
29,33,clear,,0
48,46,clear,,0
21,29,clear,,0
40,42,clear,,0
6,49,clear,,0
92,89,wall,,0
50,92,clear,,0
42,88,clear,,0
74,40,clear,,0
93,53,clear,,0
66,36,clear,,0
25,35,clear,,0
85,49,clear,,0
51,56,clear,,0
24,39,wall,,0
43,52,clear,,0
84,90,clear,,0
35,48,clear,,0
1,55,clear,,0
59,33,clear,,0
78,46,clear,,0
17,36,clear,,0
36,49,clear,,0
77,50,clear,,0
9,32,clear,,0
47,58,clear,,0
80,55,clear,,0
5,61,clear,,0
62,43,clear,,0
81,56,clear,,0
73,52,clear,,0
39,59,clear,,0
31,55,clear,,0
22,6,clear,,0
14,2,clear,,0
74,53,clear,,0
66,49,clear,,0
32,56,clear,,0
35,61,clear,,0
76,62,clear,,0
1,68,clear,,0
48,0,clear,,0
92,43,clear,,0
6,3,clear,,0
58,50,clear,,0
9,45,clear,,0
50,46,clear,,0
77,63,clear,,0
69,59,clear,,0
61,55,clear,,0
80,68,clear,,0
27,62,clear,,0
19,58,clear,,0
52,6,clear,,0
93,7,clear,,0
44,2,clear,,1
85,3,clear,,0
30,67,clear,,0
10,9,clear,,1
2,5,clear,,0
62,56,clear,,0
54,52,clear,,0
20,59,clear,,0
39,72,clear,,0
12,55,clear,,0
86,4,clear,,0
31,68,clear,,1
4,51,clear,,1
78,0,clear,,0
89,9,clear,,0
88,50,clear,,0
47,12,clear,,0
13,56,clear,,0
46,53,clear,,0
79,1,clear,,0
16,61,clear,,0
76,75,clear,,0
49,58,clear,,0
82,6,clear,,0
29,0,clear,,0
15,65,clear,,0
48,13,clear,,0
40,9,clear,,0
26,74,wall,,0
92,56,clear,,0
6,16,clear,,0
50,59,clear,,0
42,55,clear,,0
8,62,clear,,0
27,75,clear,,0
0,58,clear,,0
74,7,clear,,0
93,20,clear,,0
66,3,clear,,0
11,67,clear,,0
25,2,clear,,0
30,80,clear,,0
85,16,wall,,0
32,10,clear,,0
51,23,clear,,0
2,18,clear,,0
43,19,clear,,0
84,57,clear,,0
87,62,clear,,0
1,22,clear,,0
67,4,clear,,0
12,68,clear,,0
59,0,clear,,0
4,64,clear,,0
72,82,clear,,0
70,9,clear,,1
17,3,clear,,0
22,81,clear,,0
28,12,clear,,0
47,25,clear,,0
88,63,clear,,0
38,62,clear,,0
15,78,clear,,0
21,9,clear,,0
62,10,wall,,0
7,74,clear,,0
26,87,clear,,0
54,6,clear,,0
18,83,clear,,0
31,22,clear,,0
91,73,clear,,0
42,68,clear,,0
83,69,clear,,0
8,75,clear,,0
0,71,clear,,0
41,72,clear,,0
11,80,clear,,0
13,10,clear,,0
44,77,clear,,0
32,23,clear,,0
51,36,clear,,0
24,19,clear,,0
84,70,clear,,0
16,15,clear,,0
35,28,clear,,0
87,75,clear,,0
34,69,clear,,0
64,91,clear,,0
37,74,clear,,0
92,10,clear,,0
56,87,clear,,0
3,81,clear,,0
9,12,clear,,0
27,29,clear,,0
38,75,clear,,0
79,76,clear,,0
71,72,clear,,0
30,34,clear,,0
90,85,clear,,0
82,81,clear,,0
48,88,clear,,0
73,32,clear,,0
20,26,clear,,0
39,39,clear,,0
12,22,clear,,0
31,35,clear,,0
4,18,clear,,1
91,86,clear,,0
23,31,clear,,1
83,82,clear,,1
75,78,clear,,0
88,17,clear,,0
33,81,clear,,1
25,77,clear,,0
13,23,clear,,0
44,90,clear,,0
65,33,clear,,0
16,28,clear,,0
57,29,clear,,0
76,42,clear,,0
34,82,clear,,0
67,79,clear,,0
92,23,clear,,0
37,87,clear,,0
78,88,clear,,0
58,30,clear,,0
50,26,clear,,0
36,91,clear,,0
69,39,clear,,0
42,22,clear,,0
61,35,clear,,0
80,48,clear,,0
8,29,clear,,0
0,25,clear,,0
19,38,clear,,0
79,89,wall,,0
11,34,clear,,0
29,88,clear,,0
21,84,clear,,0
87,29,clear,,0
12,35,clear,,0
72,49,clear,,0
64,45,clear,,0
56,41,clear,,0
88,30,clear,,0
25,90,clear,,0
66,91,clear,,0
46,33,clear,,0
65,46,clear,,0
57,42,clear,,0
76,55,clear,,0
49,38,clear,,0
68,51,clear,,0
7,41,clear,,0
67,92,clear,,0
59,88,clear,,0
91,40,clear,,0
42,35,clear,,0
8,42,clear,,0
0,38,clear,,0
60,52,clear,,0
52,48,clear,,0
51,3,clear,,0
87,42,clear,,0
34,36,clear,,0
53,49,clear,,0
72,62,clear,,0
45,45,clear,,0
64,58,clear,,0
3,48,clear,,0
14,57,clear,,0
80,2,clear,,0
38,42,clear,,0
30,1,clear,,1
90,52,clear,,0
82,48,clear,,0
15,58,clear,,0
48,55,clear,,0
81,3,clear,,0
18,63,clear,,0
39,6,clear,,0
31,2,clear,,0
91,53,clear,,1
83,49,clear,,0
75,45,clear,,0
41,52,clear,,0
44,57,clear,,0
65,0,clear,,0
10,64,clear,,0
2,60,clear,,0
76,9,clear,,0
68,5,clear,,0
34,49,clear,,0
26,8,clear,,0
45,58,clear,,0
86,59,clear,,0
37,54,clear,,0
78,55,clear,,0
3,61,clear,,0
77,10,wall,,0
89,64,clear,,0
69,6,clear,,0
14,70,clear,,0
61,2,clear,,1
27,9,clear,,0
19,5,clear,,0
79,56,clear,,0
11,1,clear,,0
71,52,clear,,0
90,65,clear,,0
63,48,clear,,0
82,61,clear,,0
29,55,clear,,0
40,64,clear,,0
20,6,clear,,1
6,71,clear,,0
12,2,clear,,0
53,3,clear,,0
23,11,clear,,0
56,8,clear,,0
41,65,clear,,0
33,61,clear,,0
74,62,clear,,0
93,75,clear,,0
44,70,clear,,0
85,71,clear,,0
46,0,clear,,0
10,77,clear,,0
57,9,clear,,0
2,73,clear,,0
43,74,clear,,0
49,5,clear,,1
15,12,clear,,0
7,8,clear,,0
26,21,clear,,0
86,72,clear,,0
59,55,clear,,0
78,68,clear,,0
89,77,wall,,0
17,58,clear,,0
91,7,clear,,0
36,71,clear,,0
50,6,clear,,0
55,84,clear,,0
28,67,clear,,0
83,3,clear,,0
42,2,clear,,0
8,9,clear,,1
0,5,clear,,0
5,83,clear,,0
11,14,clear,,0
84,4,clear,,0
29,68,clear,,0
40,77,clear,,0
81,78,clear,,0
87,9,clear,,0
73,74,clear,,0
34,3,clear,,0
39,81,clear,,0
72,29,clear,,0
45,12,clear,,0
37,8,clear,,0
56,21,clear,,0
22,28,clear,,0
14,24,clear,,0
74,75,clear,,0
85,84,clear,,0
13,65,clear,,0
46,13,clear,,0
32,78,clear,,0
38,9,clear,,0
51,91,clear,,0
79,10,wall,,0
43,87,clear,,0
16,70,clear,,0
49,18,clear,,0
35,83,clear,,0
90,19,clear,,0
15,25,clear,,0
7,21,clear,,0
48,22,clear,,0
18,30,clear,,0
70,77,clear,,0
17,71,wall,,0
91,20,clear,,0
36,84,clear,,0
9,67,clear,,0
77,85,clear,,1
28,80,clear,,0
41,19,clear,,0
52,28,wall,,0
25,11,clear,,0
44,24,clear,,0
10,31,clear,,0
2,27,wall,,0
81,91,clear,,0
73,87,clear,,0
20,81,clear,,0
12,77,clear,,0
45,25,clear,,0
31,90,clear,,0
86,26,clear,,0
23,86,clear,,0
89,31,clear,,0
14,37,clear,,0
47,34,clear,,0
13,78,clear,,0
32,91,clear,,0
24,87,clear,,0
65,88,clear,,0
90,32,clear,,0
68,93,clear,,0
29,22,clear,,0
48,35,clear,,0
6,38,clear,,0
92,78,clear,,0
42,77,clear,,0
61,90,clear,,0
33,28,clear,,0
25,24,clear,,0
93,42,clear,,0
44,37,clear,,0
85,38,wall,,0
51,45,clear,,0
2,40,clear,,0
43,41,clear,,0
62,91,clear,,0
54,87,clear,,0
86,39,clear,,0
78,35,clear,,0
70,31,clear,,0
89,44,clear,,0
17,25,clear,,0
55,51,clear,,0
28,34,clear,,0
47,47,clear,,0
88,85,clear,,0
5,50,clear,,1
46,88,clear,,0
38,84,clear,,0
71,32,clear,,0
49,93,clear,,0
29,35,clear,,0
21,31,clear,,0
81,45,clear,,0
73,41,clear,,1
6,51,clear,,0
39,48,clear,,0
42,90,clear,,0
74,42,clear,,0
93,55,clear,,0
66,38,clear,,0
85,51,clear,,0
13,32,clear,,0
51,58,clear,,0
43,54,clear,,0
16,37,clear,,0
35,50,clear,,0
1,57,clear,,0
34,91,clear,,0
26,1,clear,,0
59,35,clear,,0
70,44,clear,,0
17,38,clear,,0
36,51,clear,,1
77,52,clear,,0
9,34,clear,,0
69,48,clear,,0
80,57,clear,,0
5,63,clear,,0
62,45,clear,,0
81,58,clear,,0
73,54,clear,,0
39,61,clear,,0
31,57,clear,,0
22,8,clear,,0
14,4,clear,,0
55,5,clear,,0
66,51,clear,,0
32,58,clear,,0
65,55,clear,,0
35,63,clear,,0
76,64,clear,,0
1,70,clear,,0
48,2,clear,,0
92,45,clear,,0
6,5,wall,,0
58,52,clear,,0
9,47,clear,,0
50,48,clear,,0
77,65,clear,,0
42,44,clear,,0
61,57,clear,,0
80,70,clear,,0
8,51,clear,,0
27,64,wall,,0
19,60,clear,,0
93,9,clear,,0
11,56,clear,,0
85,5,clear,,0
30,69,clear,,0
44,4,wall,,0
10,11,clear,,0
2,7,clear,,0
62,58,clear,,0
54,54,clear,,0
12,57,clear,,0
86,6,clear,,0
31,70,clear,,0
72,71,clear,,0
78,2,clear,,0
89,11,clear,,0
36,5,clear,,0
28,1,clear,,0
88,52,clear,,0
47,14,clear,,0
46,55,clear,,0
5,17,clear,,0
38,51,clear,,1
76,77,clear,,0
49,60,clear,,0
68,73,clear,,0
29,2,clear,,0
15,67,clear,,0
7,63,clear,,0
26,76,clear,,0
6,18,clear,,0
92,58,clear,,0
50,61,clear,,0
91,62,clear,,0
42,57,clear,,0
8,64,clear,,0
27,77,clear,,0
0,60,clear,,0
74,9,clear,,0
93,22,clear,,0
66,5,clear,,0
11,69,clear,,0
85,18,wall,,0
30,82,clear,,0
32,12,clear,,0
51,25,clear,,0
24,8,clear,,0
84,59,clear,,0
43,21,clear,,0
1,24,clear,,0
87,64,clear,,0
34,58,clear,,0
67,6,clear,,0
59,2,clear,,0
4,66,clear,,1
37,63,clear,,0
17,5,clear,,1
3,70,clear,,0
22,83,clear,,0
14,79,clear,,0
47,27,clear,,0
88,65,clear,,0
38,64,clear,,0
90,74,clear,,0
15,80,clear,,0
7,76,clear,,0
26,89,clear,,0
54,8,clear,,0
18,85,clear,,0
31,24,clear,,0
91,75,clear,,0
23,20,clear,,0
83,71,clear,,1
0,73,clear,,1
41,74,clear,,0
33,70,clear,,0
13,12,clear,,1
44,79,clear,,0
32,25,clear,,0
24,21,clear,,0
43,34,clear,,0
16,17,clear,,0
84,72,clear,,0
35,30,clear,,0
76,31,clear,,0
87,77,clear,,1
34,71,clear,,0
53,84,clear,,0
86,81,clear,,0
92,12,clear,,0
37,76,clear,,0
56,89,clear,,0
77,32,clear,,0
50,15,wall,,0
9,14,clear,,0
89,86,clear,,0
27,31,clear,,0
19,27,clear,,0
79,78,clear,,0
71,74,clear,,0
30,36,clear,,0
90,87,clear,,0
82,83,clear,,0
29,77,clear,,0
48,90,clear,,0
54,21,clear,,0
20,28,clear,,0
39,41,clear,,0
12,24,clear,,0
31,37,clear,,0
72,38,clear,,0
4,20,clear,,0
23,33,clear,,0
83,84,clear,,0
75,80,clear,,0
41,87,clear,,0
88,19,clear,,0
33,83,clear,,0
25,79,clear,,0
44,92,clear,,0
46,22,clear,,0
65,35,clear,,0
16,30,clear,,0
57,31,clear,,0
76,44,clear,,0
49,27,clear,,0
92,25,clear,,0
18,39,wall,,0
78,90,clear,,0
70,86,clear,,0
58,32,clear,,0
50,28,clear,,0
36,93,clear,,0
42,24,clear,,0
61,37,clear,,0
8,31,clear,,0
0,27,wall,,0
11,36,clear,,0
71,87,clear,,0
29,90,clear,,0
87,31,clear,,0
12,37,clear,,0
72,51,clear,,0
45,34,clear,,0
64,47,clear,,0
88,32,clear,,0
25,92,clear,,0
66,93,clear,,0
46,35,clear,,0
65,48,clear,,0
57,44,clear,,0
49,40,clear,,0
68,53,clear,,0
7,43,clear,,0
59,90,clear,,0
91,42,clear,,0
75,34,clear,,0
8,44,clear,,0
0,40,clear,,0
41,41,clear,,0
60,54,clear,,0
52,50,clear,,0
44,46,clear,,0
10,53,clear,,0
43,1,clear,,0
1,4,clear,,0
87,44,clear,,0
53,51,clear,,0
45,47,clear,,0
56,56,clear,,0
3,50,clear,,0
14,59,clear,,0
80,4,clear,,0
79,45,clear,,0
30,3,clear,,0
90,54,clear,,0
82,50,clear,,0
7,56,clear,,0
48,57,clear,,0
40,53,clear,,0
73,1,clear,,0
6,60,clear,,0
39,8,clear,,0
31,4,clear,,0
72,5,clear,,0
23,0,clear,,0
83,51,clear,,0
75,47,clear,,0
41,54,clear,,0
33,50,clear,,0
93,64,clear,,0
44,59,clear,,0
65,2,clear,,0
10,66,clear,,0
2,62,clear,,1
68,7,clear,,0
15,1,clear,,0
34,51,clear,,0
26,10,clear,,0
67,48,clear,,0
86,61,clear,,0
18,6,clear,,0
37,56,clear,,0
78,57,clear,,0
70,53,clear,,0
3,63,clear,,0
89,66,clear,,0
36,60,clear,,0
69,8,clear,,1
61,4,clear,,0
27,11,clear,,0
19,7,clear,,0
5,72,clear,,0
11,3,clear,,0
79,58,clear,,0
71,54,clear,,0
90,67,clear,,0
63,50,clear,,0
82,63,clear,,0
29,57,clear,,0
40,66,clear,,0
6,73,clear,,0
12,4,clear,,0
53,5,clear,,0
45,1,clear,,0
56,10,wall,,0
14,13,clear,,0
33,63,clear,,0
93,77,clear,,0
85,73,clear,,0
46,2,clear,,0
32,67,clear,,0
2,75,clear,,0
43,76,clear,,0
49,7,clear,,0
35,72,clear,,1
15,14,clear,,0
1,79,clear,,1
7,10,clear,,0
26,23,clear,,0
86,74,clear,,0
59,57,clear,,0
78,70,clear,,0
89,79,wall,,0
17,60,clear,,0
91,9,clear,,0
36,73,clear,,0
9,56,clear,,0
55,86,clear,,0
28,69,clear,,0
42,4,wall,,0
83,5,clear,,0
75,1,clear,,0
8,11,clear,,0
0,7,clear,,0
41,8,clear,,0
44,13,clear,,0
84,6,clear,,0
29,70,clear,,0
10,20,clear,,0
81,80,clear,,0
87,11,wall,,0
73,76,clear,,0
34,5,clear,,0
39,83,clear,,0
45,14,clear,,0
31,79,clear,,0
37,10,clear,,0
56,23,clear,,0
3,17,clear,,0
22,30,clear,,0
14,26,clear,,0
74,77,clear,,0
85,86,clear,,0
13,67,clear,,0
32,80,clear,,0
38,11,clear,,0
51,93,clear,,0
24,76,clear,,0
43,89,clear,,0
16,72,clear,,0
71,8,clear,,0
35,85,clear,,0
90,21,clear,,0
7,23,clear,,0
48,24,clear,,0
40,20,clear,,0
92,67,clear,,0
17,73,wall,,0
91,22,clear,,0
9,69,clear,,0
77,87,clear,,1
28,82,clear,,0
41,21,clear,,0
27,86,clear,,0
60,34,clear,,0
52,30,wall,,0
93,31,clear,,0
25,13,clear,,0
44,26,clear,,0
30,91,clear,,0
10,33,clear,,0
73,89,clear,,0
20,83,clear,,0
12,79,clear,,0
86,28,clear,,0
31,92,clear,,0
4,75,clear,,0
89,33,clear,,0
36,27,clear,,0
47,36,clear,,0
88,74,clear,,0
13,80,clear,,0
24,89,clear,,0
65,90,clear,,0
57,86,clear,,0
90,34,clear,,0
29,24,clear,,0
48,37,clear,,0
6,40,clear,,0
92,80,wall,,0
42,79,clear,,0
61,92,clear,,0
0,82,clear,,0
74,31,clear,,0
33,30,clear,,0
93,44,clear,,0
25,26,clear,,0
85,40,wall,,0
32,34,clear,,0
51,47,clear,,0
2,42,clear,,0
43,43,clear,,0
84,81,clear,,0
54,89,clear,,0
87,86,clear,,0
53,93,clear,,0
86,41,clear,,0
78,37,clear,,0
70,33,clear,,0
89,46,clear,,0
17,27,clear,,0
9,23,clear,,0
55,53,clear,,0
28,36,clear,,0
47,49,clear,,0
88,87,clear,,0
5,52,clear,,0
46,90,clear,,0
29,37,clear,,0
21,33,clear,,0
62,34,clear,,0
81,47,clear,,0
73,43,clear,,0
39,50,clear,,0
42,92,clear,,0
74,44,clear,,0
66,40,clear,,0
85,53,clear,,0
51,60,clear,,0
43,56,clear,,0
16,39,wall,,0
35,52,clear,,0
1,59,clear,,0
34,93,clear,,0
59,37,clear,,0
92,34,clear,,0
58,41,clear,,1
77,54,clear,,0
9,36,clear,,0
69,50,clear,,0
61,46,clear,,0
80,59,clear,,0
60,1,clear,,1
62,47,clear,,0
81,60,clear,,0
73,56,clear,,0
39,63,clear,,0
31,59,clear,,0
4,42,clear,,0
89,0,clear,,0
14,6,clear,,0
55,7,clear,,0
88,41,clear,,0
47,3,clear,,0
65,57,clear,,0
57,53,clear,,0
90,1,clear,,0
48,4,clear,,0
40,0,clear,,0
92,47,clear,,0
6,7,clear,,0
58,54,clear,,0
77,67,clear,,0
50,50,clear,,0
42,46,clear,,0
61,59,clear,,1
80,72,clear,,0
8,53,clear,,0
27,66,wall,,0
0,49,clear,,0
19,62,clear,,0
93,11,clear,,0
11,58,clear,,0
44,6,clear,,0
30,71,clear,,0
85,7,clear,,0
10,13,clear,,0
2,9,clear,,1
84,48,clear,,0
43,10,clear,,0
54,56,clear,,0
87,53,clear,,0
12,59,clear,,0
53,60,clear,,0
86,8,clear,,0
72,73,clear,,0
78,4,clear,,0
70,0,clear,,0
89,13,clear,,0
36,7,clear,,1
55,20,wall,,0
28,3,clear,,0
88,54,clear,,0
47,16,clear,,0
46,57,clear,,0
5,19,clear,,0
38,53,clear,,0
76,79,clear,,0
49,62,clear,,0
68,75,clear,,0
29,4,clear,,0
15,69,clear,,0
21,0,clear,,0
7,65,clear,,0
40,13,clear,,0
26,78,clear,,0
73,10,wall,,0
18,74,wall,,0
6,20,clear,,0
39,17,clear,,0
91,64,clear,,0
42,59,clear,,0
83,60,clear,,0
8,66,clear,,0
0,62,clear,,0
19,75,clear,,0
93,24,clear,,0
66,7,clear,,0
11,71,clear,,0
85,20,wall,,0
13,1,clear,,0
51,27,clear,,1
24,10,clear,,0
84,61,clear,,0
43,23,clear,,0
16,6,clear,,0
1,26,clear,,0
87,66,clear,,0
34,60,clear,,0
59,4,clear,,0
72,86,clear,,0
37,65,clear,,0
17,7,clear,,0
3,72,clear,,0
9,3,clear,,0
22,85,clear,,0
46,70,clear,,0
38,66,clear,,0
79,67,clear,,0
90,76,clear,,0
82,72,clear,,0
7,78,clear,,0
26,91,clear,,0
54,10,wall,,0
12,13,clear,,1
31,26,clear,,0
91,77,clear,,0
23,22,clear,,0
83,73,clear,,0
41,76,clear,,0
60,89,clear,,0
33,72,clear,,0
52,85,clear,,0
13,14,clear,,0
44,81,clear,,0
32,27,clear,,0
24,23,clear,,0
35,32,clear,,0
76,33,clear,,0
1,39,clear,,0
34,73,clear,,0
86,83,clear,,0
92,14,clear,,0
37,78,clear,,0
78,79,clear,,0
77,34,clear,,0
50,17,wall,,0
9,16,clear,,0
69,30,clear,,0
89,88,clear,,0
8,20,clear,,0
27,33,clear,,0
19,29,clear,,0
79,80,wall,,0
11,25,clear,,0
71,76,clear,,0
30,38,clear,,0
90,89,clear,,0
82,85,clear,,0
29,79,clear,,0
48,92,clear,,0
54,23,clear,,1
20,30,clear,,0
12,26,clear,,0
31,39,wall,,0
4,22,clear,,0
72,40,clear,,0
23,35,clear,,0
64,36,clear,,0
75,82,clear,,0
41,89,clear,,0
88,21,clear,,0
33,85,clear,,0
74,86,clear,,0
25,81,clear,,0
46,24,clear,,0
65,37,clear,,0
57,33,clear,,0
76,46,clear,,0
49,29,clear,,0
68,42,clear,,0
15,36,clear,,0
7,32,clear,,0
70,88,clear,,0
58,34,clear,,0
50,30,clear,,0
91,31,clear,,0
28,91,clear,,0
61,39,clear,,0
8,33,clear,,0
60,43,clear,,0
11,38,clear,,0
71,89,clear,,0
29,92,clear,,0
87,33,clear,,0
34,27,clear,,0
72,53,clear,,0
45,36,clear,,0
64,49,clear,,0
37,32,clear,,0
56,45,clear,,0
3,39,clear,,0
46,37,clear,,0
57,46,clear,,0
49,42,clear,,0
90,43,clear,,0
7,45,clear,,0
59,92,clear,,0
91,44,clear,,0
75,36,clear,,0
0,42,clear,,0
41,43,clear,,0
60,56,clear,,0
52,52,clear,,0
44,48,clear,,0
10,55,clear,,0
2,51,clear,,0
76,0,clear,,0
87,46,clear,,0
1,6,clear,,0
53,53,clear,,0
45,49,clear,,0
86,50,clear,,0
56,58,clear,,0
3,52,clear,,0
89,55,clear,,0
77,1,clear,,0
14,61,clear,,0
80,6,clear,,0
27,0,clear,,0
79,47,clear,,0
71,43,clear,,0
30,5,clear,,0
90,56,clear,,0
63,39,clear,,0
82,52,clear,,0
48,59,clear,,0
40,55,clear,,0
6,62,clear,,0
31,6,clear,,0
72,7,clear,,0
23,2,clear,,0
64,3,clear,,0
83,53,clear,,0
75,49,clear,,0
41,56,clear,,0
33,52,clear,,0
93,66,clear,,0
85,62,clear,,0
65,4,clear,,0
10,68,clear,,0
57,0,clear,,0
2,64,clear,,0
68,9,clear,,0
15,3,clear,,0
26,12,clear,,0
67,50,clear,,0
86,63,clear,,0
59,46,clear,,0
18,8,clear,,0
78,59,clear,,0
58,1,clear,,0
70,55,clear,,0
89,68,clear,,0
36,62,clear,,0
61,6,clear,,0
19,9,clear,,0
60,10,wall,,0
5,74,clear,,0
11,5,wall,,0
79,60,clear,,0
30,18,wall,,0
71,56,clear,,0
63,52,clear,,0
82,65,clear,,0
29,59,clear,,0
40,68,clear,,0
81,69,clear,,0
87,0,clear,,0
6,75,clear,,0
53,7,clear,,0
45,3,clear,,0
3,6,clear,,0
88,1,clear,,0
14,15,clear,,0
93,79,clear,,0
85,75,clear,,0
46,4,clear,,0
32,69,clear,,0
38,0,clear,,0
43,78,clear,,0
49,9,clear,,0
90,10,clear,,0
35,74,clear,,0
15,16,clear,,0
1,81,clear,,0
7,12,clear,,0
26,25,clear,,0
59,59,clear,,0
78,72,clear,,0
17,62,clear,,0
91,11,clear,,0
36,75,clear,,1
9,58,clear,,0
77,76,clear,,0
28,71,clear,,0
83,7,clear,,0
75,3,clear,,0
0,9,clear,,0
41,10,clear,,0
80,81,clear,,0
33,6,clear,,0
44,15,clear,,0
84,8,clear,,1
10,22,clear,,0
81,82,clear,,0
87,13,wall,,0
73,78,clear,,0
34,7,clear,,0
53,20,wall,,0
39,85,clear,,0
45,16,clear,,0
86,17,clear,,0
31,81,clear,,0
37,12,clear,,0
23,77,clear,,0
56,25,clear,,0
3,19,clear,,1
89,22,wall,,0
22,32,clear,,0
14,28,clear,,0
55,29,clear,,0
74,79,clear,,0
13,69,clear,,0
32,82,clear,,0
24,78,clear,,0
43,91,clear,,0
16,74,clear,,0
71,10,wall,,0
35,87,clear,,0
76,88,clear,,0
90,23,clear,,0
63,6,clear,,1
48,26,clear,,0
40,22,clear,,0
92,69,clear,,0
17,75,clear,,0
9,71,clear,,0
77,89,clear,,0
41,23,clear,,0
27,88,clear,,0
19,84,clear,,0
52,32,wall,,0
93,33,clear,,0
85,29,wall,,0
30,93,clear,,0
10,35,clear,,0
73,91,clear,,0
20,85,clear,,0
86,30,clear,,0
4,77,clear,,0
23,90,clear,,0
89,35,clear,,0
36,29,clear,,0
28,25,clear,,0
47,38,clear,,0
88,76,clear,,0
5,41,clear,,0
65,92,clear,,0
57,88,clear,,0
29,26,clear,,0
48,39,clear,,0
21,22,clear,,0
40,35,clear,,0
6,42,clear,,0
92,82,wall,,0
58,89,clear,,0
50,85,clear,,0
42,81,clear,,0
74,33,clear,,0
93,46,clear,,0
25,28,clear,,0
85,42,wall,,0
32,36,clear,,0
51,49,clear,,0
24,32,clear,,0
43,45,clear,,0
84,83,clear,,0
1,48,clear,,0
87,88,clear,,0
45,91,clear,,0
78,39,clear,,0
70,35,clear,,0
17,29,clear,,0
77,43,clear,,0
9,25,clear,,1
28,38,clear,,0
47,51,clear,,0
88,89,clear,,0
46,92,clear,,0
21,35,clear,,0
62,36,clear,,0
81,49,clear,,0
54,32,wall,,0
73,45,clear,,0
20,39,wall,,0
39,52,clear,,0
75,91,clear,,0
74,46,clear,,0
66,42,clear,,0
13,36,clear,,0
43,58,clear,,0
35,54,clear,,0
1,61,clear,,0
92,36,clear,,0
58,43,clear,,0
77,56,clear,,0
50,39,clear,,0
69,52,clear,,0
61,48,clear,,0
80,61,clear,,0
60,3,clear,,0
93,0,clear,,0
30,60,clear,,0
10,2,clear,,0
62,49,clear,,1
54,45,clear,,0
73,58,clear,,0
39,65,clear,,0
31,61,clear,,0
4,44,clear,,0
89,2,clear,,0
55,9,clear,,1
88,43,clear,,0
47,5,clear,,0
46,46,clear,,0
5,8,clear,,0
65,59,clear,,0
57,55,clear,,0
49,51,clear,,0
48,6,clear,,0
40,2,clear,,0
92,49,clear,,0
6,9,clear,,0
58,56,clear,,0
50,52,clear,,0
42,48,clear,,0
8,55,clear,,0
27,68,wall,,0
0,51,clear,,0
74,0,clear,,0
19,64,wall,,0
93,13,clear,,0
11,60,clear,,0
85,9,clear,,0
30,73,clear,,0
32,3,clear,,0
2,11,clear,,0
84,50,wall,,0
43,12,clear,,0
35,8,clear,,0
87,55,clear,,0
1,15,wall,,0
12,61,clear,,0
4,57,clear,,0
72,75,clear,,0
78,6,clear,,0
70,2,clear,,0
89,15,clear,,0
36,9,clear,,0
22,74,wall,,0
55,22,clear,,0
28,5,clear,,0
88,56,clear,,0
47,18,clear,,0
46,59,clear,,0
5,21,clear,,0
38,55,clear,,0
68,77,clear,,0
29,6,clear,,0
15,71,clear,,1
21,2,clear,,0
62,3,clear,,0
7,67,clear,,0
26,80,clear,,0
18,76,clear,,0
39,19,clear,,0
91,66,clear,,0
42,61,clear,,0
83,62,clear,,0
75,58,clear,,0
8,68,clear,,0
0,64,clear,,0
66,9,clear,,0
11,73,clear,,0
85,22,wall,,0
13,3,clear,,0
51,29,clear,,0
24,12,clear,,0
84,63,clear,,0
43,25,clear,,0
16,8,clear,,0
35,21,clear,,0
87,68,clear,,0
34,62,clear,,0
45,71,clear,,0
92,3,clear,,0
37,67,clear,,0
17,9,clear,,0
58,10,wall,,0
3,74,clear,,0
9,5,wall,,0
28,18,wall,,0
27,22,clear,,0
38,68,clear,,0
79,69,clear,,0
30,27,clear,,0
82,74,clear,,0
7,80,clear,,0
12,15,clear,,0
4,11,clear,,0
91,79,clear,,0
23,24,clear,,0
83,75,clear,,0
41,78,clear,,0
60,91,clear,,0
33,74,clear,,0
88,10,clear,,0
52,87,clear,,0
13,16,clear,,0
44,83,clear,,0
24,25,clear,,0
76,35,clear,,0
68,31,clear,,0
34,75,clear,,0
26,34,clear,,1
86,85,clear,,0
92,16,clear,,0
37,80,clear,,1
78,81,clear,,0
77,36,clear,,0
50,19,wall,,0
89,90,clear,,0
69,32,clear,,0
42,15,clear,,0
47,93,clear,,0
8,22,clear,,0
27,35,clear,,0
0,18,clear,,0
19,31,clear,,0
79,82,wall,,0
11,27,wall,,0
71,78,clear,,0
90,91,clear,,0
82,87,clear,,0
29,81,clear,,0
21,77,clear,,1
54,25,clear,,0
40,90,clear,,0
87,22,wall,,0
20,32,clear,,1
12,28,clear,,0
72,42,clear,,0
4,24,clear,,0
23,37,clear,,0
64,38,clear,,0
56,34,clear,,0
88,23,clear,,0
33,87,clear,,0
74,88,clear,,0
25,83,clear,,1
46,26,clear,,0
65,39,clear,,0
57,35,clear,,0
76,48,clear,,0
49,31,clear,,0
68,44,clear,,0
15,38,clear,,0
67,85,clear,,0
70,90,clear,,0
50,32,clear,,0
91,33,clear,,0
28,93,clear,,0
8,35,clear,,0
60,45,clear,,0
87,35,clear,,0
34,29,clear,,0
72,55,clear,,0
45,38,clear,,0
64,51,clear,,0
56,47,clear,,0
3,41,clear,,0
46,39,clear,,0
79,36,wall,,0
49,44,clear,,0
90,45,clear,,0
7,47,clear,,0
48,48,clear,,0
18,56,clear,,0
91,46,clear,,0
75,38,clear,,0
41,45,clear,,0
60,58,clear,,0
52,54,clear,,0
25,37,clear,,0
44,50,clear,,0
10,57,clear,,0
2,53,clear,,0
76,2,clear,,0
45,51,clear,,0
86,52,clear,,0
78,48,clear,,0
3,54,clear,,0
89,57,clear,,0
77,3,clear,,0
14,63,clear,,0
47,60,clear,,0
80,8,clear,,0
27,2,clear,,0
79,49,clear,,0
71,45,clear,,0
30,7,clear,,0
90,58,clear,,0
63,41,clear,,0
82,54,clear,,0
48,61,clear,,0
40,57,clear,,0
6,64,clear,,0
72,9,clear,,0
23,4,clear,,0
64,5,clear,,1
56,1,clear,,0
75,51,clear,,0
41,58,clear,,0
33,54,clear,,0
74,55,clear,,0
93,68,clear,,0
85,64,clear,,0
65,6,clear,,0
10,70,clear,,0
57,2,clear,,0
2,66,clear,,1
43,67,clear,,0
15,5,clear,,0
67,52,clear,,1
86,65,clear,,0
59,48,clear,,0
18,10,clear,,0
78,61,clear,,0
70,57,clear,,0
89,70,wall,,0
91,0,clear,,0
36,64,clear,,0
47,73,clear,,0
8,2,clear,,0
19,11,wall,,0
5,76,clear,,0
11,7,clear,,0
52,8,clear,,0
71,58,clear,,0
63,54,clear,,0
29,61,clear,,0
40,70,clear,,0
81,71,clear,,0
87,2,clear,,0
6,77,clear,,0
53,9,clear,,0
39,74,clear,,0
45,5,clear,,0
37,1,clear,,0
3,8,clear,,0
22,21,clear,,0
14,17,clear,,0
85,77,clear,,0
13,58,clear,,0
46,6,clear,,0
32,71,clear,,0
38,2,clear,,0
79,3,clear,,0
43,80,clear,,0
16,63,clear,,0
90,12,clear,,1
35,76,clear,,0
49,11,clear,,0
82,8,clear,,0
15,18,clear,,0
7,14,clear,,0
48,15,clear,,0
59,61,clear,,0
18,23,clear,,0
17,64,wall,,0
91,13,clear,,0
36,77,clear,,0
9,60,clear,,0
77,78,clear,,0
28,73,clear,,0
69,74,clear,,0
83,9,clear,,0
75,5,clear,,0
33,8,clear,,0
52,21,clear,,0
25,4,clear,,0
44,17,clear,,0
10,24,clear,,0
2,20,clear,,0
81,84,clear,,0
73,80,clear,,0
34,9,clear,,0
20,74,wall,,0
12,70,clear,,0
45,18,clear,,0
31,83,clear,,0
86,19,clear,,0
23,79,clear,,0
3,21,clear,,0
89,24,clear,,0
14,30,clear,,0
55,31,clear,,0
13,71,clear,,0
32,84,clear,,0
24,80,clear,,0
16,76,clear,,0
90,25,clear,,0
35,89,clear,,0
76,90,clear,,0
63,8,clear,,0
68,86,clear,,0
48,28,clear,,0
21,11,wall,,0
92,71,clear,,0
9,73,clear,,0
77,91,clear,,0
69,87,clear,,0
42,70,clear,,0
8,77,clear,,0
27,90,clear,,0
33,21,clear,,0
93,35,clear,,0
85,31,wall,,0
10,37,clear,,0
51,38,clear,,0
86,32,clear,,0
4,79,clear,,0
23,92,clear,,0
64,93,clear,,0
89,37,clear,,0
36,31,clear,,0
55,44,clear,,0
28,27,clear,,0
47,40,clear,,0
88,78,clear,,0
5,43,clear,,0
38,77,clear,,0
57,90,clear,,0
49,86,clear,,0
29,28,clear,,0
21,24,clear,,0
40,37,clear,,0
73,34,clear,,0
6,44,clear,,0
92,84,wall,,0
58,91,clear,,0
50,87,clear,,0
91,88,clear,,0
42,83,clear,,0
74,35,clear,,0
93,48,clear,,0
85,44,clear,,0
13,25,clear,,0
32,38,clear,,0
51,51,clear,,0
24,34,clear,,0
43,47,clear,,0
84,85,clear,,0
1,50,clear,,0
87,90,clear,,1
34,84,clear,,0
37,89,clear,,0
70,37,clear,,0
17,31,clear,,0
77,45,clear,,0
9,27,wall,,0
88,91,clear,,0
80,50,clear,,0
5,56,clear,,0
38,90,clear,,0
62,38,clear,,0
81,51,clear,,0
54,34,wall,,0
73,47,clear,,0
39,54,clear,,0
75,93,clear,,1
22,1,clear,,0
66,44,clear,,0
13,38,clear,,0
35,56,clear,,0
76,57,clear,,0
1,63,clear,,0
92,38,clear,,0
58,45,clear,,0
9,40,clear,,0
50,41,clear,,0
77,58,clear,,0
69,54,clear,,0
42,37,clear,,0
61,50,clear,,0
80,63,clear,,0
52,1,clear,,0
93,2,clear,,0
30,62,clear,,0
10,4,clear,,0
51,5,clear,,0
62,51,clear,,0
54,47,clear,,0
39,67,clear,,0
31,63,clear,,0
4,46,clear,,0
89,4,clear,,0
88,45,clear,,0
47,7,clear,,0
46,48,clear,,0
5,10,clear,,0
57,57,clear,,0
49,53,clear,,0
82,1,clear,,0
15,60,clear,,0
48,8,clear,,0
40,4,wall,,0
81,5,clear,,0
92,51,clear,,0
6,11,clear,,0
58,58,clear,,0
50,54,clear,,0
91,55,clear,,0
42,50,clear,,0
8,57,clear,,0
27,70,wall,,0
0,53,clear,,0
74,2,clear,,0
93,15,clear,,0
11,62,clear,,0
85,11,wall,,0
30,75,clear,,0
32,5,clear,,0
24,1,clear,,0
84,52,wall,,0
43,14,clear,,0
35,10,clear,,0
87,57,clear,,0
1,17,clear,,0
4,59,clear,,0
72,77,clear,,1
45,60,clear,,0
78,8,clear,,0
70,4,clear,,0
36,11,clear,,0
22,76,clear,,0
28,7,clear,,0
14,72,clear,,0
88,58,clear,,0
47,20,clear,,0
46,61,clear,,0
5,23,clear,,1
38,57,clear,,0
68,79,clear,,0
15,73,clear,,0
21,4,clear,,0
62,5,clear,,0
7,69,clear,,0
26,82,clear,,0
54,1,clear,,0
18,78,clear,,1
20,8,clear,,0
91,68,clear,,0
23,13,clear,,0
83,64,clear,,0
75,60,clear,,0
0,66,clear,,0
41,67,clear,,0
11,75,clear,,0
13,5,clear,,0
44,72,clear,,0
84,65,clear,,0
16,10,clear,,1
35,23,clear,,0
87,70,clear,,0
34,64,clear,,0
45,73,clear,,0
92,5,clear,,0
37,69,clear,,0
17,11,wall,,0
3,76,clear,,0
9,7,clear,,0
50,8,clear,,0
27,24,clear,,1
79,71,clear,,1
90,80,clear,,0
82,76,clear,,0
7,82,clear,,0
40,79,clear,,0
12,17,clear,,0
72,31,clear,,0
4,13,clear,,0
23,26,clear,,0
83,77,clear,,0
75,73,clear,,0
41,80,clear,,0
60,93,clear,,0
33,76,clear,,0
88,12,clear,,0
52,89,clear,,0
13,18,clear,,0
46,15,clear,,0
76,37,clear,,0
49,20,clear,,0
68,33,clear,,0
15,27,clear,,0
26,36,clear,,0
86,87,clear,,1
92,18,clear,,0
18,32,clear,,0
78,83,clear,,0
70,79,clear,,0
89,92,clear,,0
50,21,clear,,0
36,86,clear,,0
69,34,clear,,0
42,17,clear,,0
8,24,clear,,0
27,37,clear,,0
0,20,clear,,0
19,33,clear,,0
79,84,wall,,0
11,29,clear,,1
71,80,clear,,0
82,89,clear,,0
29,83,clear,,0
21,79,clear,,0
40,92,clear,,0
87,24,clear,,0
12,30,clear,,0
72,44,clear,,0
4,26,clear,,0
64,40,clear,,0
88,25,clear,,0
33,89,clear,,0
74,90,clear,,0
14,39,wall,,0
25,85,clear,,0
66,86,clear,,0
32,93,clear,,0
65,41,clear,,0
57,37,clear,,0
49,33,clear,,0
68,46,clear,,0
67,87,clear,,0
70,92,clear,,0
91,35,clear,,0
41,34,clear,,0
60,47,clear,,0
44,39,clear,,0
62,93,clear,,0
87,37,clear,,0
34,31,clear,,0
53,44,clear,,0
45,40,clear,,0
64,53,clear,,0
56,49,clear,,0
3,43,clear,,0
79,38,wall,,0
71,34,clear,,0
90,47,clear,,0
82,43,wall,,0
7,49,clear,,0
48,50,clear,,0
40,46,clear,,0
6,53,clear,,0
39,1,clear,,0
91,48,clear,,0
83,44,clear,,0
75,40,clear,,0
41,47,clear,,0
60,60,clear,,0
52,56,clear,,0
93,57,clear,,1
25,39,wall,,0
44,52,clear,,0
10,59,clear,,0
2,55,clear,,0
76,4,clear,,0
68,0,clear,,0
67,41,clear,,0
26,3,clear,,1
86,54,clear,,0
37,49,clear,,0
78,50,clear,,0
70,46,clear,,0
3,56,clear,,0
89,59,clear,,0
36,53,clear,,0
69,1,clear,,0
47,62,clear,,0
27,4,clear,,0
19,0,clear,,0
5,65,clear,,0
79,51,clear,,0
71,47,clear,,0
30,9,clear,,0
90,60,clear,,0
63,43,clear,,0
82,56,clear,,0
40,59,clear,,0
6,66,clear,,0
64,7,clear,,0
56,3,clear,,0
22,10,clear,,0
33,56,clear,,0
74,57,clear,,0
93,70,clear,,1
66,53,clear,,0
85,66,clear,,0
32,60,clear,,0
65,8,clear,,0
57,4,clear,,0
2,68,clear,,0
43,69,clear,,0
49,0,clear,,0
35,65,clear,,0
15,7,clear,,0
1,72,clear,,0
7,3,clear,,1
67,54,clear,,0
86,67,clear,,0
59,50,clear,,0
78,63,clear,,0
70,59,clear,,0
91,2,clear,,0
36,66,clear,,0
9,49,clear,,0
28,62,clear,,0
47,75,clear,,0
8,4,clear,,0
41,1,clear,,0
5,78,clear,,0
11,9,clear,,0
52,10,wall,,0
63,56,clear,,1
29,63,clear,,0
62,60,clear,,0
81,73,clear,,0
87,4,clear,,0
39,76,clear,,1
45,7,clear,,0
31,72,clear,,0
37,3,clear,,0
3,10,clear,,0
22,23,clear,,0
14,19,clear,,0
85,79,clear,,0
13,60,clear,,0
32,73,clear,,0
38,4,wall,,0
51,86,clear,,0
79,5,clear,,0
43,82,clear,,0
16,65,clear,,0
71,1,clear,,0
35,78,clear,,0
90,14,clear,,0
82,10,wall,,0
7,16,clear,,0
48,17,clear,,0
92,60,clear,,0
91,15,clear,,0
9,62,clear,,0
77,80,clear,,0
28,75,clear,,0
69,76,clear,,0
75,7,clear,,0
41,14,clear,,0
27,79,clear,,0
33,10,clear,,0
52,23,clear,,0
25,6,clear,,0
44,19,clear,,0
30,84,clear,,0
10,26,clear,,0
2,22,clear,,0
81,86,clear,,0
73,82,clear,,0
34,11,clear,,0
20,76,clear,,0
67,8,clear,,0
12,72,clear,,0
86,21,clear,,0
31,85,clear,,0
4,68,clear,,0
23,81,clear,,0
3,23,clear,,0
89,26,clear,,0
14,32,clear,,0
55,33,clear,,0
88,67,clear,,0
13,73,clear,,0
24,82,clear,,0
16,78,clear,,0
90,27,clear,,0
63,10,wall,,0
76,92,clear,,0
68,88,clear,,0
48,30,clear,,0
92,73,clear,,0
77,93,clear,,0
69,89,clear,,0
42,72,clear,,0
8,79,clear,,0
27,92,clear,,0
0,75,clear,,0
33,23,clear,,0
25,19,clear,,0
93,37,clear,,0
85,33,wall,,0
43,36,clear,,0
84,74,clear,,0
87,79,clear,,0
53,86,clear,,0
86,34,clear,,0
4,81,clear,,0
56,91,clear,,0
89,39,clear,,0
36,33,clear,,0
55,46,clear,,0
28,29,clear,,0
47,42,clear,,0
88,80,clear,,0
5,45,clear,,0
38,79,clear,,0
57,92,clear,,0
49,88,clear,,0
21,26,clear,,0
73,36,clear,,0
6,46,clear,,0
50,89,clear,,0
91,90,clear,,0
83,86,clear,,0
74,37,clear,,0
66,33,clear,,0
85,46,clear,,0
13,27,clear,,1
51,53,clear,,0
24,36,clear,,0
43,49,clear,,0
16,32,clear,,0
84,87,clear,,0
1,52,clear,,0
34,86,clear,,0
92,27,clear,,0
37,91,clear,,0
17,33,clear,,0
77,47,clear,,0
9,29,clear,,0
69,43,clear,,0
80,52,clear,,0
5,58,clear,,0
38,92,clear,,0
62,40,clear,,0
81,53,clear,,0
73,49,clear,,0
39,56,clear,,0
12,39,wall,,0
55,0,clear,,0
88,34,clear,,1
65,50,clear,,0
35,58,clear,,0
76,59,clear,,0
68,55,clear,,0
1,65,clear,,0
92,40,clear,,1
58,47,clear,,0
77,60,clear,,0
50,43,clear,,0
69,56,clear,,0
42,39,clear,,0
61,52,clear,,0
80,65,clear,,0
8,46,clear,,0
93,4,clear,,0
85,0,clear,,0
30,64,clear,,0
10,6,clear,,0
51,7,clear,,0
43,3,clear,,0
54,49,clear,,0
86,1,clear,,0
31,65,clear,,0
4,48,clear,,0
89,6,clear,,0
88,47,clear,,0
47,9,clear,,0
46,50,clear,,0
5,12,clear,,0
57,59,clear,,0
49,55,clear,,0
15,62,clear,,0
7,58,clear,,0
40,6,clear,,0
81,7,clear,,0
73,3,clear,,0
6,13,clear,,0
39,10,clear,,0
50,56,clear,,0
91,57,clear,,0
42,52,clear,,0
8,59,clear,,0
27,72,wall,,0
0,55,clear,,0
74,4,clear,,0
93,17,wall,,0
66,0,clear,,0
11,64,clear,,0
85,13,wall,,0
30,77,clear,,0
32,7,clear,,0
51,20,wall,,0
24,3,clear,,0
84,54,wall,,0
43,16,clear,,0
35,12,clear,,0
87,59,clear,,0
1,19,clear,,1
34,53,clear,,0
67,1,clear,,0
4,61,clear,,0
72,79,clear,,0
45,62,clear,,0
37,58,clear,,0
70,6,clear,,0
3,65,clear,,0
22,78,clear,,0
28,9,clear,,0
69,10,wall,,0
14,74,clear,,0
5,25,clear,,0
38,59,clear,,0
90,69,clear,,0
15,75,clear,,0
62,7,clear,,0
7,71,clear,,0
26,84,clear,,0
54,3,clear,,0
18,80,clear,,0
20,10,clear,,0
12,6,clear,,0
91,70,clear,,1
83,66,clear,,0
75,62,clear,,0
0,68,clear,,0
41,69,clear,,0
33,65,clear,,0
13,7,clear,,0
44,74,clear,,0
32,20,clear,,0
16,12,clear,,0
2,77,clear,,0
35,25,clear,,0
34,66,clear,,0
45,75,clear,,0
86,76,clear,,0
92,7,clear,,0
37,71,clear,,0
3,78,clear,,0
9,9,clear,,0
50,10,wall,,0
89,81,clear,,0
42,6,clear,,0
55,88,clear,,0
8,13,clear,,0
27,26,clear,,0
79,73,clear,,0
11,18,clear,,0
30,31,clear,,0
90,82,clear,,0
82,78,clear,,0
29,72,clear,,0
40,81,clear,,0
12,19,clear,,0
31,32,clear,,0
72,33,clear,,0
23,28,clear,,0
75,75,clear,,0
41,82,clear,,0
88,14,clear,,0
33,78,clear,,0
52,91,clear,,0
25,74,wall,,0
44,87,clear,,0
85,88,clear,,0
46,17,clear,,0
57,26,clear,,0
76,39,clear,,0
49,22,clear,,1
68,35,clear,,0
15,29,clear,,0
7,25,clear,,0
67,76,clear,,0
26,38,clear,,0
86,89,clear,,0
92,20,clear,,0
18,34,clear,,0
78,85,clear,,0
50,23,wall,,0
91,24,clear,,0
36,88,clear,,0
42,19,clear,,0
28,84,clear,,1
8,26,clear,,0
0,22,clear,,0
19,35,clear,,0
60,36,clear,,0
11,31,clear,,0
82,91,clear,,0
29,85,clear,,1
21,81,clear,,0
87,26,clear,,0
34,20,clear,,0
72,46,clear,,0
64,42,clear,,0
88,27,clear,,0
74,92,clear,,0
25,87,clear,,0
66,88,clear,,0
24,91,clear,,0
57,39,clear,,0
49,35,clear,,0
90,36,clear,,0
7,38,clear,,0
67,89,clear,,0
91,37,clear,,0
41,36,clear,,0
60,49,clear,,0
33,32,clear,,0
52,45,clear,,0
44,41,clear,,0
2,44,clear,,0
54,91,clear,,0
87,39,clear,,0
34,33,clear,,0
53,46,clear,,0
45,42,clear,,0
86,43,clear,,0
37,38,clear,,0
56,51,clear,,0
3,45,clear,,0
89,48,clear,,0
14,54,clear,,0
55,55,clear,,0
79,40,wall,,0
71,36,clear,,0
90,49,clear,,0
82,45,clear,,0
48,52,clear,,0
40,48,clear,,0
72,0,clear,,0
83,46,clear,,0
75,42,clear,,0
41,49,clear,,0
52,58,clear,,1
93,59,clear,,1
44,54,clear,,0
85,55,clear,,0
10,61,clear,,0
2,57,clear,,0
76,6,clear,,0
68,2,clear,,0
67,43,clear,,0
26,5,clear,,0
86,56,clear,,0
18,1,clear,,0
59,39,clear,,1
78,52,clear,,0
70,48,clear,,0
89,61,clear,,0
36,55,clear,,0
27,6,clear,,0
19,2,clear,,0
5,67,clear,,0
79,53,clear,,0
71,49,clear,,0
30,11,clear,,0
63,45,clear,,0
82,58,clear,,0
40,61,clear,,0
81,62,clear,,0
6,68,clear,,0
53,0,clear,,0
64,9,clear,,0
56,5,clear,,0
22,12,clear,,0
14,8,clear,,0
74,59,clear,,0
93,72,clear,,0
66,55,clear,,0
85,68,clear,,0
32,62,clear,,0
57,6,clear,,0
43,71,clear,,0
49,2,clear,,1
90,3,clear,,0
35,67,clear,,0
15,9,clear,,0
1,74,clear,,0
7,5,wall,,0
26,18,wall,,0
67,56,clear,,0
59,52,clear,,0
78,65,clear,,0
17,55,clear,,0
91,4,clear,,0
36,68,clear,,1
9,51,clear,,0
77,69,clear,,0
28,64,clear,,0
83,0,clear,,0
80,74,clear,,0
41,3,clear,,0
5,80,clear,,0
44,8,clear,,0
84,1,clear,,0
10,15,wall,,0
81,75,clear,,0
54,58,clear,,0
87,6,clear,,0
73,71,clear,,0
39,78,clear,,0
45,9,clear,,0
86,10,clear,,0
31,74,clear,,0
37,5,clear,,0
3,12,clear,,0
22,25,clear,,0
14,21,clear,,0
74,72,clear,,0
13,62,clear,,0
32,75,clear,,0
79,7,clear,,0
71,3,clear,,0
90,16,clear,,0
35,80,clear,,0
76,81,clear,,0
48,19,clear,,0
40,15,clear,,0
6,22,clear,,0
92,62,clear,,0
9,64,clear,,0
77,82,clear,,0
69,78,clear,,0
75,9,clear,,0
80,87,clear,,0
41,16,clear,,0
27,81,clear,,0
33,12,clear,,0
19,77,clear,,0
52,25,wall,,0
25,8,clear,,0
44,21,clear,,0
93,26,clear,,0
30,86,clear,,0
10,28,clear,,0
2,24,clear,,0
73,84,clear,,0
20,78,clear,,0
39,91,clear,,0
12,74,clear,,0
67,10,wall,,0
31,87,clear,,0
4,70,clear,,0
72,88,clear,,0
23,83,clear,,0
59,6,clear,,1
86,23,clear,,0
3,25,clear,,0
89,28,clear,,0
36,22,clear,,0
88,69,clear,,0
13,75,clear,,0
46,72,clear,,0
16,80,clear,,0
68,90,clear,,0
29,19,clear,,0
26,93,clear,,0
92,75,clear,,0
69,91,clear,,0
42,74,clear,,0
8,81,clear,,0
0,77,clear,,0
25,21,clear,,0
93,39,clear,,0
85,35,wall,,0
51,42,clear,,0
43,38,clear,,0
84,76,clear,,0
35,34,clear,,0
1,41,clear,,0
87,81,clear,,1
53,88,clear,,1
4,83,clear,,0
56,93,clear,,0
9,18,clear,,0
55,48,clear,,0
28,31,clear,,0
47,44,clear,,0
88,82,clear,,0
5,47,clear,,0
38,81,clear,,0
49,90,clear,,0
21,28,clear,,0
73,38,clear,,0
42,87,clear,,0
83,88,clear,,0
75,84,clear,,0
41,91,clear,,0
74,39,clear,,0
66,35,clear,,0
13,29,clear,,1
51,55,clear,,0
24,38,clear,,0
43,51,clear,,0
16,34,clear,,0
84,89,clear,,0
1,54,clear,,0
34,88,clear,,0
92,29,clear,,0
37,93,clear,,1
17,35,clear,,0
58,36,clear,,0
77,49,clear,,0
9,31,clear,,0
69,45,clear,,0
61,41,clear,,0
80,54,clear,,0
71,91,clear,,0
62,42,clear,,0
81,55,clear,,0
73,51,clear,,0
39,58,clear,,0
31,54,clear,,0
55,2,clear,,0
88,36,clear,,0
65,52,clear,,0
57,48,clear,,0
76,61,clear,,0
68,57,clear,,0
92,42,clear,,0
6,2,clear,,0
58,49,clear,,0
77,62,clear,,0
50,45,clear,,0
69,58,clear,,0
42,41,clear,,0
61,54,clear,,0
80,67,clear,,0
8,48,clear,,0
27,61,clear,,0
0,44,clear,,0
19,57,clear,,0
93,6,clear,,0
11,53,clear,,0
85,2,clear,,0
30,66,clear,,0
51,9,clear,,0
2,4,clear,,0
84,43,wall,,0
43,5,clear,,0
87,48,clear,,0
20,58,clear,,0
1,8,clear,,0
12,54,clear,,0
53,55,clear,,0
86,3,clear,,0
4,50,clear,,0
56,60,clear,,0
89,8,clear,,0
88,49,clear,,0
47,11,clear,,0
46,52,clear,,0
38,48,clear,,0
76,74,clear,,0
49,57,clear,,0
15,64,clear,,0
7,60,clear,,0
81,9,clear,,0
73,5,clear,,0
31,8,clear,,0
91,59,clear,,0
42,54,clear,,0
83,55,clear,,0
8,61,clear,,0
0,57,clear,,0
74,6,clear,,0
66,2,clear,,0
11,66,clear,,0
85,15,wall,,0
32,9,clear,,0
51,22,clear,,0
24,5,clear,,0
43,18,clear,,0
84,56,clear,,0
87,61,clear,,0
1,21,clear,,0
34,55,clear,,0
72,81,clear,,0
37,60,clear,,0
17,2,clear,,0
58,3,clear,,0
3,67,clear,,0
22,80,clear,,0
28,11,clear,,0
14,76,clear,,0
61,8,clear,,0
38,61,clear,,0
79,62,clear,,0
30,20,clear,,0
90,71,clear,,0
82,67,clear,,0
15,77,clear,,0
62,9,clear,,0
7,73,clear,,0
54,5,clear,,0
18,82,clear,,0
12,8,clear,,1
31,21,clear,,0
4,4,clear,,0
91,72,clear,,0
83,68,clear,,0
41,71,clear,,0
88,3,clear,,0
33,67,clear,,0
13,9,clear,,0
44,76,clear,,0
16,14,clear,,0
2,79,clear,,0
34,68,clear,,0
26,27,clear,,0
86,78,clear,,0
92,9,clear,,0
37,73,clear,,0
78,74,clear,,0
3,80,clear,,0
89,83,clear,,0
42,8,clear,,0
55,90,clear,,0
47,86,clear,,0
8,15,wall,,0
27,28,clear,,0
0,11,clear,,0
19,24,clear,,0
79,75,clear,,0
11,20,clear,,0
71,71,clear,,0
30,33,clear,,0
90,84,clear,,0
82,80,clear,,0
84,10,wall,,0
29,74,clear,,0
48,87,clear,,0
40,83,clear,,0
87,15,wall,,0
20,25,clear,,0
12,21,clear,,0
53,22,clear,,0
72,35,clear,,0
4,17,clear,,0
23,30,clear,,0
56,27,clear,,0
75,77,clear,,1
22,34,clear,,1
88,16,clear,,0
33,80,clear,,0
74,81,clear,,0
25,76,clear,,0
44,89,clear,,0
85,90,clear,,0
46,19,clear,,0
38,15,clear,,0
57,28,clear,,0
43,93,clear,,0
76,41,clear,,0
49,24,clear,,0
15,31,clear,,0
7,27,wall,,0
67,78,clear,,0
86,91,clear,,0
18,36,clear,,0
78,87,clear,,0
17,77,clear,,0
50,25,clear,,0
36,90,clear,,0
91,26,clear,,0
42,21,clear,,0
28,86,clear,,0
8,28,clear,,0
0,24,clear,,0
19,37,clear,,0
60,38,clear,,0
11,33,clear,,0
52,34,wall,,0
29,87,clear,,0
21,83,clear,,0
87,28,clear,,0
73,93,clear,,0
34,22,clear,,0
72,48,clear,,0
64,44,clear,,0
56,40,clear,,0
66,90,clear,,0
24,93,clear,,0
49,37,clear,,0
90,38,clear,,0
7,40,clear,,0
48,41,clear,,0
67,91,clear,,0
91,39,clear,,0
75,31,clear,,0
41,38,clear,,0
60,51,clear,,0
33,34,clear,,1
52,47,clear,,0
25,30,clear,,0
44,43,clear,,0
10,50,clear,,0
2,46,clear,,0
54,93,clear,,0
34,35,clear,,0
45,44,clear,,0
86,45,clear,,0
37,40,clear,,0
78,41,clear,,0
3,47,clear,,0
89,50,clear,,0
14,56,clear,,0
55,57,clear,,0
47,53,clear,,0
80,1,clear,,0
71,38,clear,,0
30,0,clear,,0
90,51,clear,,0
82,47,clear,,0
48,54,clear,,0
21,37,clear,,0
40,50,clear,,0
6,57,clear,,0
72,2,clear,,0
75,44,clear,,0
41,51,clear,,0
74,48,clear,,0
93,61,clear,,0
44,56,clear,,0
85,57,clear,,0
10,63,clear,,0
2,59,clear,,0
76,8,clear,,0
68,4,clear,,0
67,45,clear,,0
26,7,clear,,0
86,58,clear,,0
18,3,clear,,0
59,41,clear,,0
78,54,clear,,0
70,50,clear,,0
89,63,clear,,0
36,57,clear,,0
27,8,clear,,0
19,4,clear,,0
60,5,clear,,1
5,69,clear,,0
11,0,clear,,0
30,13,clear,,0
71,51,clear,,0
63,47,clear,,0
40,63,clear,,0
81,64,clear,,0
73,60,clear,,0
6,70,clear,,0
53,2,clear,,0
56,7,clear,,0
14,10,clear,,0
74,61,clear,,0
93,74,clear,,0
66,57,clear,,0
85,70,clear,,0
32,64,clear,,0
43,73,clear,,0
16,56,clear,,0
90,5,clear,,0
35,69,clear,,0
49,4,clear,,0
15,11,wall,,0
1,76,clear,,0
7,7,clear,,0
26,20,clear,,0
67,58,clear,,0
59,54,clear,,0
17,57,clear,,0
91,6,clear,,0
36,70,clear,,0
9,53,clear,,0
83,2,clear,,0
28,66,clear,,0
77,71,clear,,0
80,76,clear,,0
41,5,clear,,0
5,82,clear,,0
33,1,clear,,0
44,10,clear,,0
10,17,clear,,0
2,13,clear,,0
81,77,clear,,0
54,60,clear,,0
73,73,clear,,0
39,80,clear,,0
12,63,clear,,0
45,11,clear,,0
31,76,clear,,0
37,7,clear,,0
86,12,clear,,0
56,20,wall,,0
3,14,clear,,0
89,17,clear,,0
22,27,clear,,0
14,23,clear,,0
55,24,clear,,0
13,64,clear,,0
32,77,clear,,0
79,9,clear,,0
71,5,clear,,0
16,69,clear,,0
90,18,clear,,0
35,82,clear,,0
76,83,clear,,0
63,1,clear,,0
29,8,clear,,0
48,21,clear,,0
40,17,clear,,0
6,24,clear,,0
92,64,clear,,0
9,66,clear,,0
77,84,clear,,0
42,63,clear,,0
80,89,clear,,0
8,70,clear,,0
41,18,clear,,0
27,83,clear,,0
19,79,clear,,0
52,27,wall,,0
93,28,clear,,0
25,10,clear,,0
44,23,clear,,0
30,88,clear,,0
85,24,wall,,0
10,30,clear,,0
51,31,clear,,0
2,26,clear,,0
20,80,clear,,0
12,76,clear,,1
86,25,clear,,0
31,89,clear,,0
4,72,clear,,0
72,90,clear,,0
23,85,clear,,0
59,8,clear,,0
89,30,clear,,0
36,24,clear,,0
28,20,clear,,0
88,71,clear,,0
46,74,clear,,0
38,70,clear,,0
68,92,clear,,0
29,21,clear,,0
48,34,clear,,0
92,77,clear,,1
91,81,clear,,1
42,76,clear,,1
0,79,clear,,0
93,41,clear,,0
85,37,wall,,0
32,31,clear,,0
51,44,clear,,0
24,27,clear,,0
43,40,clear,,0
84,78,clear,,0
1,43,clear,,0
87,83,clear,,0
34,77,clear,,0
53,90,clear,,0
37,82,clear,,0
70,30,clear,,0
17,24,clear,,0
77,38,clear,,1
9,20,clear,,0
28,33,clear,,0
47,46,clear,,0
88,84,clear,,0
5,49,clear,,0
38,83,clear,,0
49,92,clear,,0
21,30,clear,,0
81,44,clear,,0
54,27,wall,,0
73,40,clear,,0
20,34,clear,,0
39,47,clear,,0
23,39,wall,,0
83,90,clear,,0
75,86,clear,,0
41,93,clear,,0
66,37,clear,,0
13,31,clear,,0
43,53,clear,,0
16,36,clear,,0
35,49,clear,,0
76,50,clear,,0
1,56,clear,,0
34,90,clear,,0
92,31,clear,,0
17,37,clear,,0
58,38,clear,,0
77,51,clear,,0
9,33,clear,,0
50,34,clear,,0
69,47,clear,,0
61,43,clear,,0
80,56,clear,,0
30,55,clear,,0
71,93,clear,,0
62,44,clear,,0
73,53,clear,,0
39,60,clear,,0
31,56,clear,,0
4,39,clear,,0
72,57,clear,,0
55,4,clear,,0
88,38,clear,,0
47,0,clear,,0
46,41,clear,,0
5,3,clear,,0
65,54,clear,,0
57,50,clear,,0
76,63,clear,,0
49,46,clear,,0
68,59,clear,,0
48,1,clear,,0
26,62,clear,,0
18,58,clear,,0
92,44,clear,,0
6,4,clear,,0
58,51,clear,,0
50,47,clear,,0
69,60,clear,,0
42,43,clear,,0
61,56,clear,,0
8,50,clear,,0
27,63,clear,,0
0,46,clear,,0
19,59,clear,,0
93,8,clear,,0
11,55,clear,,0
85,4,clear,,0
30,68,clear,,0
84,45,clear,,0
43,7,clear,,0
87,50,clear,,0
1,10,clear,,0
12,56,clear,,0
53,57,clear,,0
4,52,clear,,0
45,53,clear,,0
78,1,clear,,0
36,4,wall,,0
77,5,clear,,0
28,0,clear,,0
14,65,clear,,0
88,51,clear,,0
47,13,clear,,0
80,10,wall,,0
46,54,clear,,0
5,16,clear,,0
38,50,clear,,0
49,59,clear,,0
15,66,clear,,0
7,62,clear,,0
26,75,clear,,0
73,7,clear,,0
20,1,clear,,0
39,14,clear,,0
31,10,clear,,0
91,61,clear,,0
23,6,clear,,0
42,56,clear,,0
83,57,clear,,0
75,53,clear,,1
8,63,clear,,0
0,59,clear,,0
41,60,clear,,0
74,8,clear,,0
66,4,clear,,0
11,68,clear,,0
32,11,clear,,0
24,7,clear,,0
10,72,clear,,0
84,58,clear,,0
43,20,clear,,0
16,3,clear,,0
87,63,clear,,0
1,23,clear,,0
34,57,clear,,0
37,62,clear,,0
17,4,clear,,0
58,5,clear,,0
3,69,clear,,0
22,82,clear,,0
50,1,clear,,0
14,78,clear,,0
61,10,wall,,0
38,63,clear,,0
79,64,clear,,0
30,22,clear,,1
71,60,clear,,0
90,73,clear,,0
82,69,clear,,0
7,75,clear,,0
54,7,clear,,0
40,72,clear,,0
6,79,clear,,0
12,10,clear,,0
31,23,clear,,0
4,6,clear,,0
91,74,clear,,0
83,70,clear,,0
41,73,clear,,0
88,5,clear,,0
33,69,clear,,0
13,11,wall,,0
44,78,clear,,0
46,8,clear,,0
16,16,clear,,0
2,81,clear,,0
49,13,clear,,0
15,20,clear,,0
34,70,clear,,0
26,29,clear,,0
86,80,clear,,0
92,11,clear,,1
37,75,clear,,0
78,76,clear,,0
18,25,clear,,0
70,72,clear,,0
3,82,clear,,0
89,85,clear,,0
50,14,wall,,0
36,79,clear,,0
42,10,clear,,0
55,92,clear,,0
47,88,clear,,0
8,17,clear,,0
0,13,clear,,0
19,26,clear,,0
79,77,clear,,0
11,22,clear,,0
71,73,clear,,0
30,35,clear,,0
90,86,clear,,0
82,82,clear,,0
29,76,clear,,0
48,89,clear,,0
87,17,wall,,0
12,23,clear,,0
53,24,clear,,0
72,37,clear,,0
45,20,clear,,0
4,19,clear,,0
56,29,wall,,0
22,36,clear,,0
88,18,clear,,0
33,82,clear,,0
74,83,clear,,1
25,78,clear,,0
46,21,clear,,0
32,86,clear,,0
65,34,clear,,0
57,30,wall,,0
49,26,clear,,0
35,91,clear,,0
15,33,clear,,0
18,38,clear,,0
78,89,clear,,0
17,79,clear,,0
91,28,clear,,0
36,92,clear,,0
9,75,clear,,0
42,23,clear,,0
28,88,clear,,0
8,30,clear,,0
0,26,clear,,0
60,40,clear,,0
11,35,clear,,0
52,36,clear,,0
29,89,clear,,0
21,85,clear,,0
87,30,clear,,0
34,24,clear,,0
45,33,clear,,0
64,46,clear,,0
56,42,clear,,0
66,92,clear,,0
90,40,clear,,0
7,42,clear,,0
48,43,clear,,0
40,39,clear,,0
59,89,clear,,0
92,86,wall,,0
58,93,clear,,0
91,41,clear,,0
75,33,clear,,0
41,40,clear,,0
60,53,clear,,0
33,36,clear,,0
52,49,clear,,0
93,50,clear,,0
25,32,clear,,0
44,45,clear,,0
10,52,clear,,0
2,48,clear,,0
34,37,clear,,0
67,34,clear,,0
86,47,clear,,0
78,43,clear,,0
70,39,clear,,0
3,49,clear,,0
89,52,clear,,0
55,59,clear,,0
47,55,clear,,0
80,3,clear,,0
79,44,clear,,0
30,2,clear,,0
90,53,clear,,0
63,36,wall,,0
82,49,clear,,0
48,56,clear,,0
21,39,wall,,0
40,52,clear,,0
6,59,clear,,0
72,4,clear,,0
64,0,clear,,0
22,3,clear,,0
33,49,clear,,0
74,50,clear,,0
93,63,clear,,0
66,46,clear,,0
85,59,clear,,0
32,53,clear,,0
65,1,clear,,0
2,61,clear,,0
76,10,wall,,0
68,6,clear,,0
26,9,clear,,0
67,47,clear,,0
86,60,clear,,0
18,5,clear,,0
59,43,clear,,0
78,56,clear,,0
70,52,clear,,0
89,65,clear,,0
36,59,clear,,0
9,42,clear,,0
19,6,clear,,0
60,7,clear,,0
5,71,clear,,0
11,2,clear,,0
52,3,clear,,0
63,49,clear,,0
29,56,clear,,0
62,53,clear,,0
81,66,clear,,0
73,62,clear,,0
53,4,clear,,0
39,69,clear,,0
45,0,clear,,0
56,9,clear,,0
3,3,clear,,0
14,12,clear,,0
74,63,clear,,0
66,59,clear,,0
85,72,clear,,0
32,66,clear,,0
43,75,clear,,0
16,58,clear,,0
90,7,clear,,0
35,71,clear,,0
82,3,clear,,0
15,13,clear,,0
1,78,clear,,0
7,9,clear,,0
48,10,clear,,0
59,56,clear,,0
92,53,clear,,0
17,59,clear,,0
58,60,clear,,0
91,8,clear,,0
9,55,clear,,0
83,4,clear,,0
28,68,clear,,0
77,73,clear,,0
75,0,clear,,0
80,78,clear,,0
41,7,clear,,0
33,3,clear,,0
44,12,clear,,0
10,19,clear,,0
81,79,clear,,0
73,75,clear,,0
34,4,clear,,0
39,82,clear,,0
12,65,clear,,0
45,13,clear,,0
31,78,clear,,0
37,9,clear,,0
78,10,wall,,0
23,74,wall,,0
86,14,clear,,1
89,19,clear,,0
14,25,clear,,0
55,26,clear,,0
88,60,clear,,0
47,22,clear,,0
13,66,clear,,0
24,75,clear,,0
71,7,clear,,0
16,71,clear,,0
90,20,clear,,1
63,3,clear,,0
76,85,clear,,0
29,10,clear,,0
48,23,clear,,0
21,6,clear,,0
40,19,clear,,0
6,26,clear,,0
92,66,clear,,0
77,86,clear,,0
42,65,clear,,0
8,72,clear,,0
41,20,clear,,0
27,85,clear,,0
19,81,clear,,0
93,30,clear,,0
25,12,clear,,0
11,77,clear,,0
44,25,clear,,0
30,90,clear,,0
85,26,wall,,0
10,32,clear,,0
51,33,wall,,0
84,67,clear,,0
87,72,clear,,0
20,82,clear,,0
12,78,clear,,0
86,27,clear,,0
59,10,wall,,0
4,74,clear,,0
72,92,clear,,0
23,87,clear,,0
89,32,clear,,0
17,13,clear,,0
36,26,clear,,0
28,22,clear,,0
47,35,clear,,0
88,73,clear,,0
5,38,clear,,0
65,89,clear,,0
38,72,clear,,0
29,23,clear,,0
6,39,clear,,0
39,36,clear,,0
91,83,clear,,0
42,78,clear,,0
83,79,clear,,0
0,81,clear,,0
93,43,clear,,0
85,39,wall,,0
13,20,clear,,0
32,33,clear,,0
51,46,clear,,0
24,29,clear,,0
43,42,clear,,0
16,25,clear,,0
84,80,clear,,0
1,45,clear,,0
87,85,clear,,0
34,79,clear,,0
53,92,clear,,0
45,88,clear,,0
37,84,clear,,0
70,32,clear,,0
17,26,clear,,0
77,40,clear,,0
9,22,clear,,0
28,35,clear,,0
69,36,clear,,0
80,45,clear,,0
5,51,clear,,0
46,89,clear,,0
38,85,clear,,0
79,86,wall,,0
81,46,clear,,0
54,29,wall,,0
73,42,clear,,0
20,36,clear,,0
39,49,clear,,0
12,32,clear,,0
75,88,clear,,0
33,91,clear,,0
66,39,wall,,0
65,43,clear,,0
16,38,clear,,0
35,51,clear,,0
76,52,clear,,0
68,48,clear,,1
1,58,clear,,0
34,92,clear,,0
92,33,clear,,0
58,40,clear,,0
77,53,clear,,0
9,35,clear,,0
50,36,clear,,0
69,49,clear,,0
61,45,clear,,0
80,58,clear,,0
30,57,clear,,0
63,91,wall,,0
51,0,clear,,0
62,46,clear,,0
31,58,clear,,0
4,41,clear,,0
72,59,clear,,0
64,55,clear,,0
55,6,clear,,0
88,40,clear,,0
47,2,clear,,0
46,43,clear,,0
5,5,wall,,0
65,56,clear,,0
38,39,clear,,0
57,52,clear,,0
49,48,clear,,0
7,51,clear,,0
81,0,clear,,0
26,64,wall,,0
18,60,clear,,0
6,6,clear,,0
39,3,clear,,0
58,53,clear,,0
50,49,clear,,0
91,50,clear,,0
42,45,clear,,0
61,58,clear,,0
8,52,clear,,0
27,65,wall,,0
0,48,clear,,0
19,61,clear,,0
93,10,clear,,0
11,57,clear,,0
85,6,clear,,0
30,70,clear,,0
32,0,clear,,0
84,47,clear,,0
43,9,clear,,0
35,5,clear,,0
87,52,clear,,0
1,12,clear,,0
53,59,clear,,0
72,72,clear,,0
45,55,clear,,0
37,51,clear,,0
3,58,clear,,0
36,6,clear,,0
77,7,clear,,0
28,2,clear,,0
69,3,clear,,0
14,67,clear,,0
88,53,clear,,0
46,56,clear,,0
5,18,clear,,0
38,52,clear,,0
49,61,clear,,0
90,62,clear,,0
15,68,clear,,0
62,0,clear,,0
7,64,clear,,0
26,77,clear,,0
73,9,clear,,0
20,3,clear,,0
39,16,clear,,0
31,12,clear,,0
91,63,clear,,0
23,8,clear,,0
83,59,clear,,0
75,55,clear,,0
0,61,clear,,0
41,62,clear,,0
33,58,clear,,0
66,6,clear,,0
13,0,clear,,0
32,13,clear,,0
24,9,clear,,0
65,10,wall,,0
10,74,clear,,0
84,60,clear,,1
16,5,clear,,0
2,70,clear,,0
1,25,clear,,0
87,65,clear,,0
34,59,clear,,1
86,69,clear,,0
92,0,clear,,0
37,64,clear,,0
58,7,clear,,0
3,71,clear,,0
9,2,clear,,0
22,84,clear,,0
50,3,clear,,0
14,80,clear,,0
8,6,clear,,0
27,19,clear,,0
79,66,clear,,0
11,11,wall,,0
30,24,clear,,0
71,62,clear,,0
90,75,clear,,0
63,58,clear,,0
82,71,clear,,0
29,65,clear,,0
54,9,clear,,0
40,74,clear,,0
6,81,clear,,0
12,12,clear,,0
31,25,clear,,0
4,8,clear,,1
23,21,clear,,0
83,72,clear,,0
41,75,clear,,0
88,7,clear,,0
33,71,clear,,0
85,81,clear,,0
46,10,clear,,0
38,6,clear,,0
51,88,clear,,0
76,32,clear,,0
49,15,clear,,0
15,22,clear,,0
7,18,clear,,0
26,31,clear,,0
86,82,clear,,0
92,13,clear,,0
78,78,clear,,0
70,74,clear,,0
89,87,clear,,0
50,16,wall,,0
91,17,clear,,0
36,81,clear,,0
42,12,clear,,0
28,77,clear,,0
47,90,clear,,0
8,19,clear,,0
27,32,clear,,0
0,15,wall,,0
19,28,clear,,0
79,79,clear,,0
11,24,clear,,0
71,75,clear,,0
30,37,clear,,0
82,84,clear,,0
29,78,clear,,0
48,91,clear,,0
21,74,wall,,0
81,88,clear,,0
87,19,wall,,0
53,26,clear,,0
4,21,clear,,0
45,22,clear,,0
64,35,clear,,0
56,31,clear,,0
22,38,clear,,0
88,20,clear,,0
74,85,clear,,0
25,80,clear,,0
46,23,clear,,0
32,88,clear,,0
24,84,clear,,1
57,32,clear,,0
49,28,clear,,0
90,29,clear,,0
35,93,clear,,0
15,35,clear,,0
7,31,clear,,0
70,87,clear,,0
17,81,clear,,0
91,30,clear,,0
9,77,clear,,0
28,90,clear,,0
60,42,clear,,0
33,25,clear,,0
52,38,clear,,0
44,34,clear,,0
54,84,clear,,0
87,32,clear,,0
34,26,clear,,0
45,35,clear,,0
86,36,clear,,0
37,31,clear,,0
56,44,clear,,0
3,38,clear,,0
89,41,clear,,0
